"","Supervisor.PI","Population","Line","Mean","SD","Median","Min","Max","SE","CV","Mode"
"1","Abbott","AK","AK1",23.5750809838462,4.24494349718422,23.14016229,15.79616838,32.60020799,1.17733549542655,0.180060611460588,22.26782899
"2","Abbott","AK","AK10",16.0245095705,4.5406691309351,15.21221777,8.548120547,24.90043497,1.21354487104712,0.283357759621808,21.4895116
"3","Abbott","AK","AK11",20.8571232627692,7.47262097875468,21.39977524,9.285241366,34.82726907,2.07253216161599,0.358276684881735,9.285241366
"4","Abbott","AK","AK12",29.6036652063636,6.53511773857979,28.30428527,21.61486692,44.31743437,1.97041213633319,0.220753669960265,28.30428527
"5","Abbott","AK","AK13",22.9076194416667,4.22647917900033,23.66686298,14.59179316,28.61281905,1.22007944586009,0.184501021145514,21.26958719
"6","Abbott","AK","AK14",21.6574698516667,5.3959700729617,21.106171295,13.91012156,32.61608989,1.5576823870818,0.249150529120854,22.8224167
"7","Abbott","AK","AK15",19.6470822128,4.57670393443592,19.20232832,11.94633521,29.14242894,0.915340786887183,0.232945731323617,22.42634461
"8","Abbott","AK","AK16",24.6195489658333,4.10238235135679,25.80424386,17.15030279,29.7437209,1.18425577743731,0.16663109291929,28.29816138
"9","Abbott","AK","AK17",11.1734636731538,3.73603886143818,10.98012552,5.986185697,16.70264216,1.03619074477242,0.334367119339605,5.986185697
"10","Abbott","AK","AK18",15.3285422656667,6.47654809759334,16.512671175,4.615515911,27.02120777,1.86961839378254,0.422515591198761,20.76815173
"11","Abbott","AK","AK2",20.8101465541667,4.06566055729774,20.256109835,16.46107872,32.22486825,1.17365510859475,0.19536914584985,16.55788764
"12","Abbott","AK","AK20",26.6938266761538,3.67015159210505,26.32443599,21.66801172,32.37813668,1.01791690415851,0.137490650427564,23.61554932
"13","Abbott","AK","AK21",28.1370666025,3.66654053313053,26.73204083,23.13323561,33.19149789,1.05843908189879,0.130309978112813,26.17910683
"14","Abbott","AK","AK3",27.526286295,5.87337459136149,27.70381562,17.79229578,41.60830287,1.69549720068703,0.213373301738432,27.22322999
"15","Abbott","AK","AK4",24.238380375,5.50009341282043,25.181250375,14.08206409,31.14497781,1.58774020622998,0.226916705148061,21.9990865
"16","Abbott","AK","AK5",22.7804133575,6.87920949717851,20.63930395,12.16001501,33.12100207,1.98585672750392,0.30197913397009,18.67922964
"17","Abbott","AK","AK6",16.8015998504167,7.61349088799551,15.48883188,7.598203925,31.52965562,2.19782550682848,0.453140829193519,11.60263295
"18","Abbott","AK","AK7",16.1631654279167,7.78248285655598,12.94704816,7.634444854,29.73094934,2.24660928609812,0.481494970231156,19.61881559
"19","Abbott","AK","AK8",14.0476277603077,3.76044514808076,13.83520835,7.463636344,19.39132849,1.04295983076731,0.267692539426913,19.39132849
"20","Abbott","AK","AK9",18.1316546815385,2.75109849460188,18.67181304,11.67636007,20.95492503,0.763017437395297,0.151729036479116,17.96002257
"21","Abbott","GI","GI1",16.6216911183333,5.75934426744814,16.195513545,8.141616266,24.64159367,1.66257948158346,0.346495686055417,14.34484458
"22","Abbott","GI","GI10",17.3536078381538,6.36181811720451,17.44456869,7.582658453,26.86687231,1.76445087898128,0.366599163501744,9.458893253
"23","Abbott","GI","GI11",24.4217644183333,6.68668267527537,24.03300248,14.38122412,35.87839461,1.93027902127792,0.273800146489649,17.20483669
"24","Abbott","GI","GI12",18.757188457,4.43881410113184,18.33429353,9.913579147,25.19383905,1.338352807963,0.236646025672111,21.78174956
"25","Abbott","GI","GI14",13.9846211475,4.93823697503243,13.3871247,4.550477065,22.80595692,1.42554622342857,0.353119110124426,4.550477065
"26","Abbott","GI","GI15",25.8760251491667,5.33324358183753,26.407388135,16.00417531,32.61659036,1.53957480881387,0.206107528149828,27.64881592
"27","Abbott","GI","GI2",22.5237577392308,5.49561497021986,23.10750542,14.50911893,31.32783662,1.52420935117963,0.243991923276988,14.50911893
"28","Abbott","GI","GI3",12.8971831805,4.65007856566946,13.086252275,4.189742185,20.65158447,1.34236205582109,0.360549935640224,9.643996376
"29","Abbott","GI","GI4",16.0295767778889,4.08942809749666,17.56909822,9.887436601,21.6276076,1.36314269916555,0.255117658698113,17.98969672
"30","Abbott","GI","GI5",25.8226280891667,3.76169270710329,26.20795529,20.7871967,33.47059183,1.08590714852737,0.145674278160767,21.55250334
"31","Abbott","GI","GI6",27.86152102,4.01065760672871,27.141903065,21.73109693,34.68335287,1.15777712443612,0.143949700515263,34.68335287
"32","Abbott","GI","GI7",25.1034486683333,9.45495256737657,23.748157225,12.08076086,41.31621769,2.729409704975,0.376639588141668,26.33865754
"33","Abbott","GI","GI8",11.8939145929167,4.99944573696421,10.131740388,6.590937027,23.53395026,1.44321567101761,0.420336441623819,8.725395394
"34","Abbott","GI","GI9",17.0762918983333,6.00674119467863,18.47465819,3.889927216,23.88305655,1.73399682285006,0.351759107330843,17.98208867
"35","Abbott","KA","KA1",7.6818553055,3.54952003402893,6.555119291,4.076652578,14.75093069,1.02465817357029,0.462065463728218,11.45941264
"36","Abbott","KA","KA10",24.6951952083333,6.23279913783485,23.492308235,13.41402378,34.77551929,1.79925413001691,0.252389142311036,13.41402378
"37","Abbott","KA","KA11",20.6204513418182,4.18348427619005,19.94368863,15.35644303,28.17086109,1.261367969134,0.202880344704481,23.43334856
"38","Abbott","KA","KA13",17.9235671108182,7.50158508999185,18.23324755,5.849754129,31.27907262,2.26181300694795,0.418531927467948,15.90433543
"39","Abbott","KA","KA14",15.901842365,2.60899507467309,16.30113269,12.18317006,20.22238369,0.753152004338458,0.164068729571581,20.22238369
"40","Abbott","KA","KA15",16.36609123875,7.53497359479362,14.21102041,7.952891323,30.24316465,2.17515951664541,0.460401539064689,24.41063774
"41","Abbott","KA","KA16",13.4376314478333,3.94029909322893,14.62558194,7.21116538,19.52140772,1.13746637108168,0.293228692015084,10.72088465
"42","Abbott","KA","KA17",13.8005300105,6.47624146703654,13.50401907,5.518061219,28.48953252,1.86952987716528,0.469274836698964,19.57263867
"43","Abbott","KA","KA18",26.4842564416667,6.20990039212615,26.18085065,17.66688136,41.11633373,1.7926438315174,0.23447516473811,26.90832903
"44","Abbott","KA","KA2",18.88029080175,8.9429034341345,16.966682875,8.914936731,44.38911547,2.58159385251719,0.473663437075111,18.03481926
"45","Abbott","KA","KA23",15.1039335963636,2.29633794843853,14.54072263,10.4417129,19.82119951,0.692371942438643,0.152035755042738,13.72425835
"46","Abbott","KA","KA24",12.6895414925833,3.27875987242699,11.89746382,8.296859551,18.45630677,0.946496447476933,0.258382848138629,8.296859551
"47","Abbott","KA","KA25",31.7312279258333,6.93557270323181,33.077419285,19.1314647,43.66529721,2.00212738359755,0.218572464937146,33.03745999
"48","Abbott","KA","KA29",13.5945380228462,6.2758766329153,11.31977514,6.636283907,25.33141412,1.74061499988172,0.461646921901167,7.417533797
"49","Abbott","KA","KA3",17.2331544616667,4.0068394813245,17.331156505,10.48350248,24.06443527,1.15667492657116,0.232507605629445,10.48350248
"50","Abbott","KA","KA5",14.2697711823333,3.71719910132213,15.249145635,7.307712418,21.33322103,1.07306295088988,0.260494653616044,11.03068519
"51","Abbott","KA","KA6",13.280796806,4.23153259924009,11.82415602,8.527222186,22.06782495,1.22153824262797,0.318620385587736,9.422498551
"52","Abbott","KA","KA7",32.3887787041667,8.01588493227678,29.831200315,22.94319428,44.69387234,2.31398666172153,0.247489570554433,41.9181466
"53","Abbott","KA","KA9",8.63204947508333,2.25256706053009,8.813043326,4.863546054,12.08990016,0.650260099382365,0.260953909848662,10.96993757
"54","Abbott","MA","MA12",32.3176279025,4.73565867544739,32.04089558,24.86547938,40.51079608,1.36706690552987,0.146534847475023,28.56243203
"55","Abbott","MA","MA13",31.1320937030769,10.1302672868461,28.86110605,19.77197908,55.30696868,2.80963062591376,0.325396273808749,37.35364823
"56","Abbott","MA","MA18",24.2610712807692,9.1357229975793,25.04443451,12.62744399,40.64067088,2.53379366970829,0.376558928163276,25.04443451
"57","Abbott","MA","MA19",31.0089689290909,9.71628022638893,31.13300782,14.74362255,47.71479718,2.92956871535286,0.313337739432982,45.76593393
"58","Abbott","MA","MA20",33.2765553436364,7.43551529853685,34.67732237,21.23930104,43.74574615,2.24189221529038,0.223446063504851,26.90894358
"59","Abbott","MA","MA21",34.7431185784615,7.46930821121903,32.48738055,24.55362044,47.08519261,2.07161336521496,0.214986694252873,34.70063992
"60","Abbott","MA","MA23",31.0444682661538,6.82964583174045,29.85184203,21.11663097,44.664871,1.89420294150762,0.219995580957863,28.15364154
"61","Abbott","MA","MA26",25.7897989454545,5.10407693038553,24.33681793,20.21543407,35.08877462,1.53893709810889,0.197910691013166,24.33681793
"62","Abbott","MA","MA27",33.6152856061538,5.93986461753525,34.39990361,21.44602357,45.41895901,1.64742203444905,0.176701298544013,37.68273866
"63","Abbott","MA","MA28",22.8059413009091,6.85764034874308,21.94924821,16.35119796,37.59536682,2.06765636218025,0.300695343299411,33.34958874
"64","Abbott","MA","MA30",31.4376666172727,6.49006092063337,29.4496516,22.79927635,44.31199676,1.95682699457177,0.206442195588,38.61232925
"65","Abbott","MA","MA31",23.5770590954545,8.29304640960137,20.34086222,11.74810401,36.07390342,2.5004475736047,0.351742190407463,36.07390342
"66","Abbott","MA","MA32",31.7725752246154,4.59935289756963,32.55982104,25.0822111,38.33742632,1.27563097739548,0.14475858079034,35.2091334
"67","Abbott","MA","MA33",28.6017965581818,6.15829381976279,27.81552142,19.77703256,39.19733741,1.85679544990161,0.215311433575006,31.1498948
"68","Abbott","MA","MA5",36.2222631590909,6.45361127499335,34.00995724,29.06928659,46.67591127,1.94583701290546,0.178166981081458,46.08410946
"69","Abbott","MA","MA6",31.0607352736364,6.30196531405602,27.86062465,23.8031575,43.01176219,1.90011403532346,0.202891697782988,43.01176219
"70","Abbott","MA","MA7",26.1484139715385,5.10812636586165,26.3605027,17.02927829,34.55861387,1.41673934874336,0.195351288664071,31.50221185
"71","Abbott","MA","MA9",31.6057670130909,12.2171715489114,31.47346631,9.466513304,53.28388882,3.68361582064948,0.386548807496149,40.65475812
"72","Abbott","MU","MU1",25.9103393833333,7.78644724915526,23.485872295,18.81085721,44.19253785,2.24775370766531,0.300515062113152,25.22777886
"73","Abbott","MU","MU10",19.0057653519091,7.77914424132123,16.16891751,9.892234321,31.73328473,2.34550023986513,0.409304445113537,16.16891751
"74","Abbott","MU","MU11",16.92227426925,4.86298173085938,16.95788383,7.491045601,25.66438206,1.40382190568795,0.287371641274959,17.95668121
"75","Abbott","MU","MU12",18.3654920728333,5.06181325416703,17.99620728,8.195963704,25.83586134,1.46121962244047,0.275615444121673,15.02159074
"76","Abbott","MU","MU13",24.2472510583333,10.2549734229352,22.01305557,10.75824367,52.39062683,2.96035583313205,0.422933445043485,19.37759693
"77","Abbott","MU","MU14",25.8759827583333,5.49138427169663,25.495379195,18.13488054,36.20708059,1.58522609374386,0.212219351163702,22.58739576
"78","Abbott","MU","MU16",13.7484885368333,6.13619002198278,13.285566025,6.590609621,27.42937708,1.77136548049523,0.446317426496987,11.530811
"79","Abbott","MU","MU17",22.6268965375,4.11255035896907,22.85692014,15.31239799,28.53513983,1.18719102840334,0.181754946028646,15.31239799
"80","Abbott","MU","MU18",25.2427695792857,4.18879915601487,24.474542545,19.49846942,33.78358551,1.11950366455825,0.16594055350615,22.6151154
"81","Abbott","MU","MU19",16.3923503783333,2.89158080873675,16.406312745,11.37344622,20.45555365,0.83472747915386,0.17639818220081,17.00153348
"82","Abbott","MU","MU2",22.3781196475,5.56123914907282,21.506448105,12.28024207,33.77537192,1.60539145987254,0.248512352095414,20.07126823
"83","Abbott","MU","MU20",24.24939107,6.59434932154107,22.202268175,15.37047557,37.21440159,1.90362467796108,0.27193875930762,21.13175151
"84","Abbott","MU","MU3",13.7282200079231,5.07247517907433,13.09845605,6.026426183,23.46663474,1.40685148859007,0.369492561755771,11.21082594
"85","Abbott","MU","MU5",21.9259725875,6.28065687489719,19.922395955,13.68387533,31.99922613,1.81306946870478,0.286448268136475,23.17525465
"86","Abbott","MU","MU6",25.5390221469231,4.0888070077248,26.11432055,17.45526522,31.79613406,1.13403102475602,0.160100374407538,17.45526522
"87","Abbott","MU","MU8",13.1962087435833,3.11048307052411,12.935398115,8.76320978,17.98365857,0.897919119038433,0.235710356736861,14.70945372
"88","Abbott","MU","MU9",19.8789674241667,5.11646075363022,19.965778315,10.89606746,27.78275593,1.47699499670328,0.257380609588916,19.2331808
"89","Abbott","RE","RE1",26.4555105984615,4.5811948035541,25.55977112,21.36291264,35.31722583,1.27059482823873,0.173165994528962,24.10788461
"90","Abbott","RE","RE10",24.1328047183333,5.02033113580809,23.22084739,17.70912987,35.51022561,1.44924476633993,0.208029327481949,35.51022561
"91","Abbott","RE","RE11",27.2909904333846,10.9264922584003,26.0664515,8.435995804,46.14283898,3.03046369989406,0.400369942053629,32.05304093
"92","Abbott","RE","RE12",28.958284175,3.84595671145943,30.65703207,22.76316661,32.94286216,1.11023207132637,0.13281024138784,31.16952005
"93","Abbott","RE","RE13",24.9451931466667,6.21956512784383,25.603906465,12.06843251,36.75090161,1.79543380040152,0.249329203076342,20.18172699
"94","Abbott","RE","RE15",18.2789270895455,3.70808564506762,18.853321,9.258590185,22.5357066,1.11802988865384,0.202861230689434,20.7451152
"95","Abbott","RE","RE16",27.9657973930769,5.63631768599244,27.65727237,16.57016836,38.10802144,1.56323326320387,0.201543249662094,32.31038199
"96","Abbott","RE","RE17",26.9660657683333,6.98164191424205,27.180362375,15.80193025,40.18642179,2.01542641928661,0.258904727675948,15.80193025
"97","Abbott","RE","RE18",23.7485010208333,6.5803694704331,21.42370592,13.78247393,34.67266359,1.89958904256087,0.277085676466927,21.29582774
"98","Abbott","RE","RE2",34.5498169915385,5.45091084246368,36.55962042,25.81459627,43.26033261,1.51181065696042,0.157769601031422,33.80600841
"99","Abbott","RE","RE3",13.2909682176667,4.04762136017407,12.86209953,7.000271753,19.33459681,1.34920712005802,0.3045392400227,18.36709345
"100","Abbott","RE","RE4",22.6554961016667,3.12121052966775,22.749804575,16.32604924,27.90115588,0.901015869750585,0.137768359415362,27.90115588
"101","Abbott","RE","RE5",21.1888957172727,3.98597550353216,19.44316445,16.66928841,29.81902576,1.20181683352401,0.188116245259675,19.44316445
"102","Abbott","RE","RE6",23.8365279191667,6.17876149347434,22.485150745,13.79495068,35.15442019,1.78365480575795,0.259213989320402,13.79495068
"103","Abbott","RE","RE7",31.1804274509091,3.14004762197073,30.70724192,26.34506774,37.72792912,0.946759980538604,0.100705727235923,30.70724192
"104","Abbott","RE","RE8",26.292234435,6.58060043774869,26.006704635,15.00315022,35.8714238,1.89965571708179,0.250286846255587,24.94111483
"105","Abbott","UM","UM13",24.1567100275,7.86009415541663,21.518005545,16.28391576,40.82285351,2.2690137382428,0.325379331310791,21.4923331
"106","Abbott","UM","UM17",25.3324280325,7.50809549645963,23.78977847,15.1584928,39.03759482,2.16740047799119,0.296382782054179,33.42898077
"107","Abbott","UM","UM18",22.0540119033333,2.38078485191211,21.49118006,18.87639388,26.64828308,0.687273387567019,0.107952460638341,24.6380472
"108","Abbott","UM","UM2",19.84982762,3.13225219224261,19.27863297,15.47441534,26.69716905,0.868730452831941,0.157797450547463,26.69716905
"109","Abbott","UM","UM20",23.8921579525,5.88069351981523,23.81575745,11.65618142,33.82733153,1.69760999334351,0.246134883734933,22.41016209
"110","Abbott","UM","UM21",26.1021121525,4.66061999005642,24.680073575,19.86402361,35.78534727,1.34540510292481,0.178553366211402,24.58974578
"111","Abbott","UM","UM22",22.8181194366667,5.64992005453667,21.874869275,16.97221671,34.42034742,1.63099143219331,0.247606735086931,18.21749135
"112","Abbott","UM","UM23",27.7504450933333,8.88320598851187,27.389847525,15.57654433,45.00859632,2.56436068436711,0.32011039673904,27.98210455
"113","Abbott","UM","UM25",19.5236351592308,5.44082538814464,19.14742022,13.44092417,33.89227751,1.50901345521552,0.27867891116436,19.14742022
"114","Abbott","UM","UM26",21.7855074425,3.94025651872496,20.736067165,16.75803794,27.73209732,1.13745408088102,0.180865950867785,27.28563916
"115","Abbott","UM","UM28",25.25529258,4.68533211295246,25.90423093,18.33261511,32.67680201,1.35253887832795,0.185518821376191,23.66516729
"116","Abbott","UM","UM29",15.4463177646154,3.10954084143116,15.43265734,10.63349601,20.65152978,0.862431457456115,0.201312758731051,12.93447984
"117","Abbott","UM","UM4",23.0692773084615,5.84036792960548,21.55985415,16.58763917,35.0874826,1.61982661828985,0.253166488551564,35.0874826
"118","Abbott","UM","UM5",23.4132452091667,4.19309145457743,23.061743115,17.65523564,30.54063693,1.2104412400185,0.179090571047185,30.54063693
"119","Abbott","UM","UM6",24.191320495,5.70632640114457,23.96407257,15.45538632,34.81159413,1.64727454189234,0.235883212837595,15.45538632
"120","Abbott","UM","UM7",36.3468817127273,6.11832449448536,36.4605255,25.12910022,44.23717289,1.84474424489535,0.168331482817217,29.26758039
"121","Abbott","UM","UM8",19.17115375,5.69420247906621,17.92711964,12.48912022,31.96544867,1.71686664576129,0.297019290196147,15.81850051
"122","Abbott","UM","UM9",28.3668060033333,4.77026153260574,29.204174775,19.36218793,34.63000273,1.37705588997742,0.168163505332437,28.34671685
"123","Abbott","VA","VA1",18.1604204125,3.36079102979251,18.2491218,11.50498773,22.87810698,0.970176802870392,0.185061301085257,20.96943966
"124","Abbott","VA","VA11",8.68572869975,2.81039116995231,8.044423219,6.040400696,16.32142228,0.811290049250058,0.323564235898043,16.32142228
"125","Abbott","VA","VA18",13.9534574238333,4.75180701409787,13.95817574,6.35904296,22.43195123,1.37172852936328,0.340546924662665,15.86975296
"126","Abbott","VA","VA22",28.2151928825,8.03614184176625,25.80862165,18.74345093,50.75648879,2.31983432779488,0.284816122832551,32.55118004
"127","Abbott","VA","VA26",14.7198723994615,7.32604093329946,13.46691839,6.778728091,35.52598821,2.03187817162764,0.497697312482644,11.92166474
"128","Abbott","VA","VA30",18.0091408558333,4.09589931010969,17.774957855,12.42260757,27.79244418,1.18238428463272,0.227434464692023,13.52920404
"129","Abbott","VA","VA34",14.1907421404615,4.03015652999734,15.27073811,7.096635883,18.71220672,1.11776430900396,0.283998996677299,17.38486847
"130","Abbott","VA","VA35",11.9387784260769,5.89583454018135,11.18980482,3.492249101,24.21934104,1.63521028817504,0.493839011812427,10.50261593
"131","Abbott","VA","VA44",18.3103017960833,7.4137836450927,19.713697575,4.363816643,26.45743092,2.14017499160396,0.404896856843646,11.47138393
"132","Abbott","VA","VA46",20.3355056081818,4.00675683134562,19.97693663,14.75471412,26.45199626,1.20808263961516,0.197032565039029,15.52134663
"133","Abbott","VA","VA47",14.0300408616923,6.36551137837057,12.15993242,6.549276987,24.99899971,1.76547520532804,0.453705833156266,16.68370246
"134","Abbott","VA","VA48",16.0498718769231,4.34716615265778,15.26160074,10.9758858,27.00541752,1.20568695895147,0.270853635841682,19.0187464
"135","Abbott","VA","VA55",13.2154583452308,6.68360788480396,14.40257757,2.969357687,23.02919425,1.85369930259662,0.505741663301141,15.04994434
"136","Abbott","VA","VA57",22.2128421184615,4.70014029554322,21.30058305,16.52830927,32.84329572,1.30358437211197,0.211595628802351,21.8303142
"137","Abbott","VA","VA6",10.9714198345,4.14070174728163,9.310412085,7.52026947,22.37257887,1.1953176342135,0.377408011883845,7.52026947
"138","Abbott","VA","VA66",14.4127327081538,3.93142282054017,13.91883832,9.342844162,23.14764902,1.09038050499899,0.272774282306367,12.31060813
"139","Abbott","VA","VA67",15.7665147176923,3.20109327055411,15.14388433,11.22806093,22.75097921,0.887823532655813,0.203031128177112,11.22806093
"140","Abbott","VA","VA71",15.8082679798333,3.89574768790559,15.35833559,9.876927148,21.74065156,1.12460548815358,0.246437351193402,13.5709309
"141","Abbott","VA","VA9",17.8193629553846,5.63318142839113,15.73009153,8.01864919,26.74926525,1.56236342185044,0.316126981783538,24.10670739
"142","Abbott","YE","YE11",15.5728410341667,3.97810915628761,14.32687055,10.57076723,22.59703216,1.14838119612418,0.255451728272296,18.26329261
"143","Abbott","YE","YE13",21.1880544925,4.58538222342164,20.694358545,13.03312235,30.06519987,1.3236858305149,0.216413556282137,23.7771879
"144","Abbott","YE","YE14",11.43331654575,6.21214523051602,10.4634791205,4.116700428,21.44659737,1.79329186054174,0.543337115320681,21.44659737
"145","Abbott","YE","YE15",17.1423040819167,5.76505889417145,16.458815315,9.620534321,26.78518238,1.66422915222197,0.336305952025025,9.620534321
"146","Abbott","YE","YE19",20.32212961,6.09542130008132,18.65142769,14.03134658,31.87805255,1.75959656421306,0.299940085859994,31.87805255
"147","Abbott","YE","YE20",20.5320274518182,4.40021603597524,21.31447735,13.30891937,30.38616997,1.32671505343953,0.21430986522403,21.31447735
"148","Abbott","YE","YE21",33.1067076508333,7.23933402855541,32.293646,21.85604259,45.75333748,2.08981572507004,0.218666685461645,41.75570403
"149","Abbott","YE","YE22",28.8069821783333,7.05160160905806,27.376338495,19.17464849,42.0633829,2.03562204360383,0.244787932502065,42.0633829
"150","Abbott","YE","YE23",30.6394559833333,11.4792733292455,32.829961935,10.66450401,44.28856923,3.3137807733706,0.374656564904084,38.80863357
"151","Abbott","YE","YE24",17.61618573,5.20718943999315,16.43214831,10.14661528,30.70470761,1.44421450207307,0.295591197765667,21.12068639
"152","Abbott","YE","YE26",15.7055504381818,2.45400505496735,15.26464891,12.34354097,21.0037645,0.739910363723835,0.156250814934917,15.88837787
"153","Abbott","YE","YE27",19.3389606,5.46256451204175,19.775798385,10.87918155,25.53106701,1.5769065457465,0.282464224682362,23.39691461
"154","Abbott","YE","YE33",16.4735324893333,5.04435384299467,16.418351895,8.467508711,25.363602,1.45617952457035,0.306209602965296,25.363602
"155","Abbott","YE","YE40",19.58252868,5.71113433990375,21.846551325,11.47600755,29.02600389,1.64866247426077,0.291644375107523,22.87517762
"156","Abbott","YE","YE41",18.3989264006364,6.99607222255548,18.78765324,9.537482717,34.05209035,2.10939514258585,0.380243502811855,22.96414471
"157","Abbott","YE","YE48",30.1203483627273,9.76192584743035,31.29732554,11.22980801,47.69940548,2.94333138792715,0.3240973752983,32.17899622
"158","Abbott","YE","YE49",21.4640237591667,5.87927517570784,21.949374275,13.37742827,32.07776598,1.6972005526674,0.273913001666194,28.65785042
"159","Abbott","YE","YE51",13.5170407094545,4.20438153005585,13.7085349,7.460796313,19.48664427,1.26766872824506,0.311043047100915,19.48664427
"160","Abbott","YE","YE69",18.9612023269167,5.76178086029917,19.71267537,9.235244003,27.03422856,1.66328286535268,0.30387212587885,14.54339055
"161","Abbott","YE","YE80",26.357338925,5.18018714353656,25.0985647,19.4157493,34.99370473,1.49539122088674,0.196536803592989,34.99370473
"162","Gibert","AK","AK1",34.6453283333333,13.5828248098074,29.81148396,19.32763115,60.07873343,4.52760826993581,0.39205357441335,29.41386112
"163","Gibert","AK","AK10",33.198310974,7.51859370838662,36.90282536,20.96019606,43.00181259,2.37758809199135,0.226475187676716,38.61151203
"164","Gibert","AK","AK11",35.557672441,7.70529265654673,32.848480955,25.50760298,47.16452672,2.43662748328572,0.216698454302146,47.16452672
"165","Gibert","AK","AK12",36.368736172,10.4040925991048,35.063925545,23.62647748,59.57455507,2.32642582958008,0.286072426325191,55.32878419
"166","Gibert","AK","AK13",36.758154327,5.27922823300166,38.025469975,24.88808943,41.98458798,1.66943855041513,0.143620601459957,39.3382194
"167","Gibert","AK","AK14",33.664743757,12.5857628586635,30.260909205,16.28207106,57.55364474,3.97996767241286,0.373855893557679,48.65120031
"168","Gibert","AK","AK15",34.003723171,8.27660477467794,35.067603165,19.08015348,46.98911629,2.6172922381007,0.243402898354867,38.45583537
"169","Gibert","AK","AK16",31.321109822,6.73295896770167,31.416827785,22.64659791,43.58158937,2.12914857303933,0.214965529828462,31.2094024
"170","Gibert","AK","AK17",17.5565413069,12.0619156427517,12.812230655,9.012701962,48.60508169,3.81431263759092,0.687032567058704,18.90508986
"171","Gibert","AK","AK18",26.454438661,9.07693023738165,24.93899183,11.76631263,42.25818009,2.87037737125789,0.343115586525869,39.12225783
"172","Gibert","AK","AK2",30.494301282,7.21391323378167,28.5256263,20.42446313,44.25234179,2.28123966615808,0.236565946111376,38.92803187
"173","Gibert","AK","AK20",42.052154587,10.2918205728888,39.09236925,31.61684069,63.70847577,3.25455942801077,0.24473943544549,40.77632341
"174","Gibert","AK","AK21",40.641534204,7.71197802779334,39.32307946,31.32425234,55.22933386,2.43874158330003,0.189756075375578,38.15568971
"175","Gibert","AK","AK3",38.457578452,10.2473944528475,35.636063,27.29812773,61.72159419,3.24051065531729,0.266459690529853,35.36341628
"176","Gibert","AK","AK4",42.118268259,5.78005489734171,40.90336883,36.8022457,53.89607291,1.82781384764105,0.137233916214174,41.01826068
"177","Gibert","AK","AK5",22.035881345,7.82452798097052,22.47871725,11.10445054,36.3135635,2.47433300355855,0.355081235847457,27.67113214
"178","Gibert","AK","AK6",29.997167251,11.7352128082686,30.87196884,12.57341958,50.22283717,3.71100013009098,0.39121070033296,40.06931056
"179","Gibert","AK","AK7",21.8286131292,7.38219039399066,20.938689005,9.608149862,36.8391538,2.33445357660263,0.338188704444789,27.37123614
"180","Gibert","AK","AK8",32.512551978,9.22734457105792,32.021268495,20.49478996,45.25195601,2.91794255997324,0.283808683406388,43.70475863
"181","Gibert","AK","AK9",46.203387328,7.43397496210031,44.723370325,35.70334885,57.99266008,2.35082929489009,0.160896752208365,57.99266008
"182","Gibert","GI","GI1",21.060241228,7.20028510134802,20.89543891,12.56833884,34.02050553,2.2769300722836,0.341889963338839,22.89759637
"183","Gibert","GI","GI10",32.866200576,10.6674203332864,33.16024481,14.45648492,51.93792084,2.38530770097919,0.324571144407733,41.49661703
"184","Gibert","GI","GI11",36.430846807,7.96178833767485,37.347652935,22.98146858,49.57424681,2.51773853952183,0.218545244908912,37.98715864
"185","Gibert","GI","GI12",28.237108257,7.58658571100298,29.369689405,17.57968021,38.5846989,2.39908905108574,0.268674314733424,19.54202866
"186","Gibert","GI","GI13",33.8101993173,11.3489732268293,35.85391729,5.404780773,47.69994282,3.58886045010512,0.335667149439791,29.64405341
"187","Gibert","GI","GI14",26.502997801,8.76484928425624,23.65251569,11.32072623,36.89016572,2.77168870863463,0.330711617986307,23.7474198
"188","Gibert","GI","GI15",32.367222842,7.66656222785135,30.824064185,23.56933285,44.20569807,2.4243798463425,0.236861910126659,29.79815862
"189","Gibert","GI","GI2",34.379447667,8.33407413888358,32.03308477,25.92875608,51.06562945,2.63546564675786,0.242414427934026,28.79049011
"190","Gibert","GI","GI3",26.723958279,8.40218113209462,28.543676745,14.03035658,37.69947448,2.65700296907111,0.314406310785822,16.68603042
"191","Gibert","GI","GI4",23.854162268,6.98975521520284,23.18042183,14.50740172,33.11772644,2.21035467670814,0.293020359997278,14.50740172
"192","Gibert","GI","GI5",32.653381088,7.36798643424913,34.025741925,20.96039697,45.40529804,2.32996189014497,0.225642374196798,20.96039697
"193","Gibert","GI","GI6",47.188594107,5.38751234793011,46.393296465,39.07365064,57.69402065,1.70368099417407,0.114169799924828,41.31988188
"194","Gibert","GI","GI7",34.560438163,7.30669036673855,31.007336025,28.12929398,50.85786409,2.31057837165048,0.211417758428798,50.85786409
"195","Gibert","GI","GI8",26.975470395,7.0871648827363,26.2220408,18.1330196,40.82816968,2.24115831826069,0.262726276093037,19.24773525
"196","Gibert","GI","GI9",33.617837052,6.06428240858924,34.605188285,24.48228375,43.30344152,1.91769447856338,0.180388833440088,31.38579629
"197","Gibert","KA","KA1",28.406788134,6.55374352398779,28.13673943,18.92653117,41.20947475,2.07247567363798,0.230710472900794,41.20947475
"198","Gibert","KA","KA10",36.767822859,9.38163976445861,34.40679296,25.70914648,51.66057635,2.96673498428948,0.255158968765598,39.478106
"199","Gibert","KA","KA11",23.7429631235,5.98831110507988,23.222364325,10.82826254,32.16418176,1.33902707013755,0.252214143362454,24.81604199
"200","Gibert","KA","KA13",25.516520338,7.82625021704655,24.489105205,14.73372063,35.24608258,2.47487762242542,0.306713067196371,18.46870623
"201","Gibert","KA","KA14",39.592137158,7.80680274033278,41.263004405,28.83575413,52.85754479,2.46872779030956,0.197180634861368,30.36156307
"202","Gibert","KA","KA15",43.480829482,9.72598590881725,46.40390107,29.78642352,58.1752871,3.07562679625652,0.22368446105297,31.45564213
"203","Gibert","KA","KA16",28.192730882,7.71820149220926,28.12651431,14.41788769,43.67590972,2.44070961554916,0.273765656988449,25.79796429
"204","Gibert","KA","KA17",27.80529475,3.86548453604895,27.310782365,22.33234953,35.04206128,1.22237353940739,0.139019728825171,26.24490724
"205","Gibert","KA","KA18",33.984765024,6.77204058314737,32.895460685,25.17145452,47.01211033,2.14150726498406,0.199266953246991,40.71562977
"206","Gibert","KA","KA2",42.943906684,5.55764957666886,41.591008085,36.11272969,53.03654828,1.75748310993442,0.129416487828284,53.03654828
"207","Gibert","KA","KA23",32.559703401,6.88744454621332,32.516049495,21.9646142,42.24150689,2.17800120241389,0.211532779073221,28.26686787
"208","Gibert","KA","KA24",29.618220379,9.63176130076237,30.067396215,18.6052048,50.98429517,3.04583035894752,0.325197165039379,30.52070531
"209","Gibert","KA","KA25",37.044975451,3.937280529312,38.627038665,28.37912222,41.26209857,1.24507742596593,0.106283793723116,41.26209857
"210","Gibert","KA","KA28",36.456426009,6.54747222640216,36.57853216,24.21200208,45.05862442,2.07049251521245,0.17959720529889,43.05935607
"211","Gibert","KA","KA29",31.07328915,6.10699011956976,30.380730645,23.85817977,42.59487462,1.93119984259845,0.196535039792199,39.2270102
"212","Gibert","KA","KA3",27.177180297,7.4130417783981,29.34667924,13.8335846,39.42338166,2.34420964097232,0.272767141307018,24.77562716
"213","Gibert","KA","KA5",40.506684722,4.60626590594442,41.251287755,34.36597615,47.24089876,1.45662917711633,0.113716191230102,45.14269657
"214","Gibert","KA","KA6",40.773849194,5.44015141326971,40.17365305,33.07591094,50.35037769,1.72032692821162,0.133422561784288,41.07435932
"215","Gibert","KA","KA7",33.677886861,7.74719502649636,33.176890725,23.63707974,47.01099227,2.4498781761257,0.230038038267414,47.01099227
"216","Gibert","KA","KA9",30.524776969,11.0423711426815,31.16445942,14.94289846,44.08071115,3.49190435797896,0.361751083518014,43.25797426
"217","Gibert","MA","MA13",48.917126072,6.12652047655438,50.263742765,39.79502523,57.06124341,1.9373758837572,0.12524285395542,42.22530344
"218","Gibert","MA","MA16",40.867718771,14.1430100123025,38.33431198,22.55669911,62.18650002,4.4724124609442,0.346068007650539,28.48737999
"219","Gibert","MA","MA18",26.6507346005,8.80303684480283,29.335551885,9.027779975,36.87956197,2.78376467559591,0.330311226942228,18.1797283
"220","Gibert","MA","MA19",34.661204207,9.11524734007726,33.819761635,23.36668359,49.8328941,2.88249430304356,0.262981265325929,32.90170864
"221","Gibert","MA","MA20",38.942557378,4.90460660036462,37.43911492,31.66805256,48.47640344,1.55097278842474,0.125944645924446,41.39834836
"222","Gibert","MA","MA21",31.524346561,8.43006072019867,28.626037105,20.61766373,49.51401258,2.66581926893472,0.267414288949222,39.44259305
"223","Gibert","MA","MA23",23.696968929,5.38230149282628,22.347295385,16.21025078,32.59481199,1.70203317710555,0.227130377262701,19.2403776
"224","Gibert","MA","MA26",35.762458154,6.09612922224931,36.514596325,24.86352356,43.9767643,1.92776532530186,0.170461694663108,27.819142
"225","Gibert","MA","MA27",40.601495343,9.66919939572896,40.183523635,22.43506892,53.58107657,3.05766932408273,0.238148849298379,41.35335049
"226","Gibert","MA","MA28",27.7629829373,11.9134078451535,29.81625914,9.948423333,40.95618932,3.76735034852037,0.429111233186247,33.88212134
"227","Gibert","MA","MA3",46.684799302,8.84359799613282,46.77627574,36.41841076,60.8447157,2.79659123786807,0.18943206629045,60.8447157
"228","Gibert","MA","MA30",42.941545186,7.5874971195912,41.10427875,32.2546156,57.45803595,1.69661593384898,0.176693621217545,32.2546156
"229","Gibert","MA","MA31",45.563524665,16.1479697879992,46.94928081,23.43717113,62.38765632,6.59238106041279,0.354405632723217,62.38765632
"230","Gibert","MA","MA32",38.603635815,9.12191729564122,36.47875355,27.42503024,50.94462286,2.88460352819098,0.23629684362779,37.42420339
"231","Gibert","MA","MA33",29.499431822,7.28109313524983,29.39431772,20.39846293,43.85126805,2.30248381632059,0.246821470297599,21.91090092
"232","Gibert","MA","MA5",31.788060173,9.19155133714199,30.455524245,21.67527045,50.94896379,2.90662374557349,0.289151061345639,41.53853119
"233","Gibert","MA","MA6",34.551639216,6.06485181607551,37.10539335,22.41427344,41.05553139,1.91787454102072,0.175530074800823,38.53523149
"234","Gibert","MA","MA7",31.540334973,10.9023857827281,30.53488394,19.76972094,53.94729375,3.44763710032585,0.34566486982656,35.13566068
"235","Gibert","MA","MA9",36.338718407,12.6614297380919,34.580507605,19.33403062,64.80742217,4.00389564065594,0.34842807597895,19.33403062
"236","Gibert","MU","MU1",47.370489307,12.2618061978651,43.062673955,33.75988371,72.83079202,3.87752358128229,0.258849050901679,46.61223542
"237","Gibert","MU","MU10",27.958045091,6.82566515417814,25.785732425,18.06369114,40.19760923,2.15846484328473,0.244139571703295,25.2070732
"238","Gibert","MU","MU11",32.86001777,9.32068060487938,30.937968725,23.60214563,55.97409806,2.94745800543747,0.283648069520791,26.86922359
"239","Gibert","MU","MU12",37.954865975,10.7346627615117,38.716392535,23.9543915,49.09110278,3.39459842401698,0.282827049595759,48.74052778
"240","Gibert","MU","MU13",32.882596487,11.5570956531297,31.18915585,18.80087257,57.27817464,3.6546745400321,0.351465422072089,24.02640649
"241","Gibert","MU","MU14",39.937696876,10.4242344635763,39.552133565,23.83139662,60.63423489,3.29643237685247,0.261012408801185,60.63423489
"242","Gibert","MU","MU15",37.85004455,11.3737358214464,33.01405843,20.45869784,57.68468635,3.59669107008169,0.300494648201053,20.45869784
"243","Gibert","MU","MU16",32.472153696,5.90028303775763,31.67956357,25.34070392,41.11448445,1.86583332389714,0.181702855098411,25.34070392
"244","Gibert","MU","MU17",33.807618678,9.14996262860083,32.494746945,21.49225712,48.22773082,2.89347224118,0.270647948196218,33.10071532
"245","Gibert","MU","MU18",44.3001792455556,9.39666366805251,44.09385223,32.11086985,61.92975876,3.13222122268417,0.212113445771108,61.92975876
"246","Gibert","MU","MU19",29.347774776,8.17407194169638,28.82344027,17.37613948,52.46150876,1.82777805146068,0.278524419792841,22.4439345
"247","Gibert","MU","MU2",32.643308649,8.31896152293444,34.443568765,17.59681147,44.93740536,2.63068661797759,0.254844311659237,25.45317396
"248","Gibert","MU","MU20",38.901624951,5.10283271188038,39.021247105,29.16806688,46.3672046,1.61365738883557,0.13117273939862,39.96543175
"249","Gibert","MU","MU3",23.695014418,5.66824536369247,24.08464354,14.64950074,33.30190549,1.79245656859577,0.239216793191169,33.30190549
"250","Gibert","MU","MU4",36.447720996,8.78798622324759,40.215311345,21.67696823,49.17170988,2.77900525116433,0.24111209104712,42.04811825
"251","Gibert","MU","MU5",32.085516451,5.70908251798595,30.666655875,24.03096613,40.6257089,1.80537041066848,0.177933321618952,32.00761679
"252","Gibert","MU","MU6",40.987342351,9.35599136292455,38.70223916,32.99240147,62.99099727,2.95862424757046,0.228265382097805,50.35729596
"253","Gibert","MU","MU7",31.852475135,6.78404754774744,29.546843655,24.82287453,44.64058198,2.14530420057618,0.212983371590267,40.48934037
"254","Gibert","MU","MU8",39.117982201,6.05542043924092,40.224742465,29.80815604,46.44423459,1.91489207779386,0.154798895508627,33.3907706
"255","Gibert","MU","MU9",35.882586193,6.31515864429787,32.80040738,29.27581587,50.38832843,1.99702851012824,0.175995080464123,39.20892634
"256","Gibert","RE","RE1",33.894823911,9.11344424656751,34.85703933,19.94221035,51.62198318,2.88192411481105,0.268874217210784,35.70308513
"257","Gibert","RE","RE10",30.222090302,10.1576812224202,30.077139105,17.07816765,46.88698141,3.21214084087712,0.336101213414347,17.07816765
"258","Gibert","RE","RE11",31.582236989,7.11845127467841,31.360084925,18.29886002,43.57000462,2.25105194409126,0.225394144093015,26.21952855
"259","Gibert","RE","RE12",37.227681311,8.03515874868651,38.014808125,24.62389819,52.8784659,2.54094030068779,0.215838281239189,36.08872046
"260","Gibert","RE","RE13",34.475305151,11.5727767746378,34.91577693,19.31078268,55.00515292,3.65963334605526,0.335683084571686,43.44432981
"261","Gibert","RE","RE15",24.84737922,7.31529687247133,24.45901153,14.38344884,37.78930768,2.31329998773157,0.294409193327848,21.08828533
"262","Gibert","RE","RE16",31.010178371,7.17619753441403,28.679341,22.8825155,45.09886837,2.26931291480329,0.231414261748492,33.3194199
"263","Gibert","RE","RE17",32.762017126,5.43295450954109,31.821191855,24.22779453,42.84262218,1.71805106742329,0.165830891567097,32.19518142
"264","Gibert","RE","RE18",31.044974473,7.42025186476533,30.772918075,20.69927376,44.22549134,2.34648967047702,0.239016201196067,30.48005462
"265","Gibert","RE","RE2",40.693000277,6.14757743235194,41.7417825,30.35250812,50.75484284,1.94403467784818,0.151072110449093,30.35250812
"266","Gibert","RE","RE3",20.1569963528,7.6155806282913,22.53790607,9.054528446,28.45039149,2.40825804900567,0.377813266173133,16.00790742
"267","Gibert","RE","RE4",33.26346355,10.1055104476292,32.153077155,18.77413252,48.25712936,3.19564299331358,0.303802111059152,28.34114609
"268","Gibert","RE","RE5",39.080021403,8.59939668716857,37.252572025,29.33621641,57.87444925,2.71936800347591,0.220045854082066,48.48204161
"269","Gibert","RE","RE6",34.005364896,7.59569278796834,30.845092935,25.6907916,48.0012052,2.40196896168944,0.223367483666138,25.6907916
"270","Gibert","RE","RE7",35.736545279,7.59569715281198,33.78205029,23.74276155,52.67486186,1.69844951701892,0.212547046546088,26.17472818
"271","Gibert","RE","RE8",43.423147587,10.0673399461632,41.4027298,30.79791559,60.51431317,3.18357242090726,0.231842703848054,44.38829866
"272","Gibert","UM","UM13",34.580675005,8.41498820137331,34.24880164,19.76680471,52.9030078,2.66105291997833,0.243343665216384,19.76680471
"273","Gibert","UM","UM17",43.238352504,9.48749257812795,40.311575485,33.00372421,60.03574071,3.00020858308273,0.219423082256667,42.21491094
"274","Gibert","UM","UM18",31.615390494,5.75984607399973,31.932341305,20.24061721,42.18743633,1.82142325658179,0.182184878440544,32.34810957
"275","Gibert","UM","UM2",25.45839368,1.51981165990002,25.927649375,23.15200546,27.40054407,0.480606645976526,0.0596978614991714,26.02259018
"276","Gibert","UM","UM20",32.729609576,5.2471153452339,33.261215835,22.41367215,40.08484713,1.65928356365598,0.160317077203436,32.57556096
"277","Gibert","UM","UM21",37.949992636,7.12080695869569,36.35090652,28.77361022,49.31871528,2.25179687678549,0.187636583411107,42.78670633
"278","Gibert","UM","UM22",29.490065892,8.70438435262827,32.413646675,14.76985223,38.62772979,2.75256801838356,0.295163272422174,38.62772979
"279","Gibert","UM","UM23",32.132111474,5.7581970669774,31.713551065,22.74227755,39.87717459,1.82090179477497,0.179203818324753,39.87717459
"280","Gibert","UM","UM25",32.651454658,8.22100282493341,34.739867635,21.31752981,42.31559961,2.59970935774681,0.25178059939572,21.96661516
"281","Gibert","UM","UM26",40.824472952,10.5180093916198,39.239963365,24.88552793,59.90806402,3.32608661285606,0.25763980845476,31.03218966
"282","Gibert","UM","UM28",37.78180254,9.57426638332651,35.056879345,27.79191834,55.95261319,3.02764886964945,0.25340946539515,55.95261319
"283","Gibert","UM","UM29",29.651151388,7.32460098480906,29.735287015,16.56183725,40.63759784,2.3162422063909,0.247025853700014,30.32693142
"284","Gibert","UM","UM4",37.68315223,4.79397027838453,37.661081065,30.19969878,46.49815454,1.51598651148466,0.127217867792068,46.49815454
"285","Gibert","UM","UM5",31.902367933,15.2788449698818,30.198637185,12.67219482,68.04344012,4.83159501214332,0.47892510681244,38.6396948
"286","Gibert","UM","UM6",31.55064461,9.33139393367521,31.173198735,15.03352415,51.43627613,2.95084585746918,0.295759216618909,37.41085598
"287","Gibert","UM","UM7",44.3612651385,8.99190618080944,46.214128875,27.89246889,58.36049254,2.01065134675904,0.202697243929718,49.90906127
"288","Gibert","UM","UM8",37.344303594,5.35319462266963,37.57715738,29.57201119,44.45144752,1.69282877658017,0.143347019691906,29.57201119
"289","Gibert","UM","UM9",43.63414256,12.2767492981994,43.57877379,28.56816273,66.57876056,3.88224900451837,0.281356492368745,31.89440348
"290","Gibert","VA","VA1",31.084213753,6.39913048654189,29.78119871,21.84317737,40.42142546,2.02358273820938,0.205864318698564,40.42142546
"291","Gibert","VA","VA11",29.251235608,7.13909014780464,28.10662577,19.17258495,42.94327365,2.25757852883308,0.244061148167435,22.94661708
"292","Gibert","VA","VA18",33.521010096,14.2467004233914,30.912977785,21.90334892,72.49633127,4.50520224800019,0.425008088437389,25.28279398
"293","Gibert","VA","VA22",48.604959619,9.82822233930072,49.484904055,33.2932817,62.51456209,3.10795679427385,0.202206162011887,55.3160244
"294","Gibert","VA","VA26",36.603925577,5.15069615444913,36.36205102,26.80894489,44.0911843,1.62879313835297,0.140714310644472,32.95699096
"295","Gibert","VA","VA30",33.659453725,6.67368277841637,34.44846005,19.51341575,44.43349172,2.11040379612365,0.198270679997982,44.43349172
"296","Gibert","VA","VA34",40.779052505,8.44886329865732,41.835374865,26.07474141,54.31867252,2.67176516631606,0.207186356221038,43.41505967
"297","Gibert","VA","VA35",25.6306488799,9.83337681143905,25.75608539,8.200214389,38.74073687,3.10958678148315,0.383656959194293,19.95899325
"298","Gibert","VA","VA44",39.461264776,6.37611439514422,38.833285475,27.64753932,54.97128155,1.42574252198574,0.161579068267019,38.30907743
"299","Gibert","VA","VA46",37.368119515,8.69192055650197,36.906431385,22.52059533,49.38042175,2.74862661997845,0.232602567892477,42.73849111
"300","Gibert","VA","VA47",39.505281546,5.6445944588008,38.76492011,28.49748665,48.23634588,1.7849774957776,0.142882020780645,47.79123802
"301","Gibert","VA","VA48",31.84507542,8.75263825714512,29.50654163,21.65067256,47.69113635,2.76782724281051,0.274850605367011,27.18049052
"302","Gibert","VA","VA55",24.873733883,5.70210059703367,23.46986027,18.09004581,34.64524341,1.80316253340323,0.229241842976007,27.24250031
"303","Gibert","VA","VA57",43.92687931,10.1190295615906,44.227123825,29.38860571,62.65521651,3.19991811252014,0.230360765903236,29.52592619
"304","Gibert","VA","VA6",40.541848843,9.77556503823666,40.331798535,24.13773648,52.91922166,3.09130509359388,0.24112282289081,39.27959893
"305","Gibert","VA","VA66",32.268344267,7.30826585278599,31.566848405,22.43597017,44.10113433,2.31107658408365,0.226484067242953,28.14846231
"306","Gibert","VA","VA67",29.860351368,7.66655806419218,31.996428265,16.32272625,40.09401703,2.42437852967787,0.25674708142946,16.32272625
"307","Gibert","VA","VA71",21.344266787,4.92455140965223,19.76320461,15.22868024,32.01955011,1.55727989090939,0.230720101973781,18.50330689
"308","Gibert","VA","VA9",35.703482439,8.95345530979179,38.46399073,20.58405225,45.86962343,2.83133117074705,0.250772605307869,23.77688409
"309","Gibert","YE","YE11",37.351198526,14.130176798215,37.18463372,18.13308282,57.97090584,6.31920717097982,0.378305847090263,57.97090584
"310","Gibert","YE","YE13",29.966170527,8.25002110248973,31.305862485,19.39026862,47.0354696,2.6088857428321,0.275311157795632,31.67199597
"311","Gibert","YE","YE14",24.241604206,8.06380058640487,23.25670031,13.44362653,41.18306757,2.54999764504408,0.332643026339363,15.17793005
"312","Gibert","YE","YE15",33.653064649,9.72556887762024,35.16861633,22.70588953,49.04805083,3.07549491941274,0.288995043365515,39.8533617
"313","Gibert","YE","YE19",43.683685843,8.73358311605482,42.22094516,29.97943883,57.10284837,2.76180147811239,0.199927797929952,41.55661818
"314","Gibert","YE","YE20",31.075610496,7.62747895268102,28.96965377,24.82015279,43.34736619,3.41111228702873,0.245449046082709,33.05150611
"315","Gibert","YE","YE21",43.43713061125,7.82600383446632,42.576225495,30.46017094,52.80818625,2.76691019047153,0.180168526887902,52.80818625
"316","Gibert","YE","YE22",44.173827906,9.32350305172714,46.621657955,27.93235543,55.444134,2.94835054149884,0.211063960125148,51.75960335
"317","Gibert","YE","YE23",40.894364163,9.17678289625709,41.30771044,24.95663103,54.18531193,2.90195355450491,0.224402141568446,52.4347308
"318","Gibert","YE","YE24",32.628667892,10.3358849870357,35.220068385,17.89437197,45.72364519,3.26849381925727,0.316773121760508,34.01161295
"319","Gibert","YE","YE26",37.4451692922222,11.203460543528,38.15817358,18.36344113,55.63893152,3.73448684784267,0.299196418531217,18.36344113
"320","Gibert","YE","YE27",35.425770872,6.27935413065587,36.038915335,19.69629327,42.35900216,1.98570612876591,0.177253845889321,37.84044669
"321","Gibert","YE","YE33",32.502409183,7.34501262829457,33.55916287,20.36821184,44.98598588,2.32269693481106,0.225983636687963,44.98598588
"322","Gibert","YE","YE40",32.186509505,8.65645906274507,30.032789615,17.62003952,43.9962969,2.73741271102808,0.268946810196997,27.19815249
"323","Gibert","YE","YE41",20.2918682744,7.19018528536074,21.20443871,7.797291624,30.32022117,2.27373623003677,0.354338259451043,7.797291624
"324","Gibert","YE","YE48",39.502774163,10.4830515553824,40.703234465,26.91519411,55.6294024,3.31503197439791,0.265375072447475,54.8473667
"325","Gibert","YE","YE49",39.119984963,9.75218726915926,37.93411455,25.4680361,52.52855851,2.18065536631482,0.249289136444785,51.06172516
"326","Gibert","YE","YE51",22.8933521573,10.5667389304838,19.75076011,9.231268733,43.26138826,3.34149624607005,0.461563638993532,17.71805334
"327","Gibert","YE","YE69",26.647924135,6.45098955882433,26.06083383,15.19958846,36.4632603,2.03998201678496,0.242082254743117,15.19958846
"328","Gibert","YE","YE80",42.880453025,13.7300884155149,43.3490682,23.89793746,62.87186891,4.34183518685193,0.32019457461212,56.06653356
