"","Supervisor.PI","Sex","Population","Line","Mean","SD","Median","Min","Max","SE","CV","Mode"
"1","Kozeretska","F","AK","AK1",915.8,32.9515572955988,912,851,1004,5.21009867518152,0.0359811719759759,912
"2","Kozeretska","F","AK","AK10",925.5,45.7736907975615,924,811,1024,7.23745599162919,0.0494583368963388,948
"3","Kozeretska","F","AK","AK11",939.475,83.7936988941231,946,815,1112,13.2489471037881,0.0891920475735098,851
"4","Kozeretska","F","AK","AK12",893.125,48.5471948541327,894,787,1020,7.67598548755326,0.0543565512712472,863
"5","Kozeretska","F","AK","AK13",948.75,51.7081305911437,954,819,1064,8.17577331087214,0.0545013234162252,912
"6","Kozeretska","F","AK","AK14",976.65,51.9331671107573,978,855,1088,8.21135470880695,0.0531747986594556,1020
"7","Kozeretska","F","AK","AK15",973.6,42.4591444493224,974,900,1092,9.49415332551676,0.0436104606094108,976
"8","Kozeretska","F","AK","AK16",919.8,34.7984673992021,918,843,972,5.50212080322973,0.0378326455742576,956
"9","Kozeretska","F","AK","AK17",942.375,53.17782818296,948,803,1044,8.40815290396234,0.056429582897424,988
"10","Kozeretska","F","AK","AK2",889.15,47.8872304701918,896,811,948,10.7079102585548,0.0538573136930684,948
"11","Kozeretska","F","AK","AK20",901.75,49.4439594713563,912,763,988,7.81777642332705,0.0548311166857292,928
"12","Kozeretska","F","AK","AK21",1012.2,33.3523454552813,1006,932,1056,7.45781116470651,0.0329503511709951,1052
"13","Kozeretska","F","AK","AK3",941.55,69.3962793652771,950,799,1056,10.972515196781,0.0737042954333569,980
"14","Kozeretska","F","AK","AK4",932.25,45.0661906362357,932,851,1044,7.12559039389288,0.0483413147076811,956
"15","Kozeretska","F","AK","AK5",942.7,31.4750206207545,944,880,1020,4.97663772811756,0.0333881623217933,956
"16","Kozeretska","F","AK","AK6",902.65,57.7774997181793,916,795,1012,12.9194416939824,0.0640087516957617,940
"17","Kozeretska","F","AK","AK7",924.425,44.8232354465565,924,735,996,7.08717580545565,0.0484876928323622,948
"18","Kozeretska","F","AK","AK8",983.6,45.2530208653069,988,884,1076,7.15513084687467,0.0460075445966926,976
"19","Kozeretska","F","AK","AK9",944.525,49.8716236566832,944,843,1052,7.88539606829271,0.05280074498471,944
"20","Kozeretska","F","GI","GI1",966.375,51.0764572692692,970,859,1076,8.07589698915775,0.0528536616419809,940
"21","Kozeretska","F","GI","GI11",941.15,37.176329662562,948,847,1016,5.87809383894874,0.0395009612310067,948
"22","Kozeretska","F","GI","GI14",928.35,57.7548088795898,936,795,1036,9.13183709436106,0.0622123217316635,936
"23","Kozeretska","F","GI","GI15",958.2,29.2351626785641,958,888,996,6.53718110825341,0.0305105016474265,992
"24","Kozeretska","F","GI","GI2",884.775,41.9392035555254,890,795,948,6.63117032444461,0.0474009816682494,888
"25","Kozeretska","F","GI","GI3",905.8,67.0802045774597,904,747,1040,10.6063116187413,0.0740563088733271,940
"26","Kozeretska","F","GI","GI6",970.9,50.3850812270498,976,884,1088,7.96658083850344,0.051895232492584,1012
"27","Kozeretska","F","GI","GI8",955.45,41.0746350078201,964,843,1016,6.49447003423998,0.0429898320245121,964
"28","Kozeretska","F","GI","GI9",905.8,52.9504236850004,918,787,984,11.8400746797076,0.0584570806855823,952
"29","Kozeretska","F","KA","KA1",886.025,57.4900158555981,892,735,976,9.08996964114419,0.0648853202286596,884
"30","Kozeretska","F","KA","KA10",958.1,59.4874690532298,982,799,1052,9.40579472234932,0.0620889980724661,992
"31","Kozeretska","F","KA","KA13",906.375,55.5234704357605,900,819,1044,8.77903150870124,0.0612588282286697,863
"32","Kozeretska","F","KA","KA14",925.425,68.8315995932399,914,831,1126,10.8832314853679,0.074378366256844,963
"33","Kozeretska","F","KA","KA15",961.85,53.9537076029309,962,831,1052,8.53083021180026,0.0560936815542246,896
"34","Kozeretska","F","KA","KA16",895.475,61.7193762951021,900,723,1004,9.75869024287636,0.068923617404285,900
"35","Kozeretska","F","KA","KA17",898.925,64.4966258310444,924,759,1020,10.1978119510875,0.0717486173274126,960
"36","Kozeretska","F","KA","KA18",920.825,53.3790929494176,930,723,1008,8.43997565769974,0.0579687703411806,948
"37","Kozeretska","F","KA","KA2",907.85,74.5112450642562,892,795,1068,11.7812622849014,0.0820744011282218,847
"38","Kozeretska","F","KA","KA3",884.15,41.4534338684647,888,807,956,6.55436339297567,0.0468850691268051,924
"39","Kozeretska","F","KA","KA5",906.875,41.0523040360303,912,815,980,6.49093919757893,0.0452678748846647,892
"40","Kozeretska","F","KA","KA7",887.6,43.9059601117358,900,735,944,6.9421418404793,0.0494659307252544,916
"41","Kozeretska","F","MA","MA13",982.55,52.0278012726192,990,839,1044,11.6337700365427,0.0529518103634616,1012
"42","Kozeretska","F","MA","MA16",958.875,36.1274009937624,958,867,1012,5.71224365412598,0.0376768619410897,940
"43","Kozeretska","F","MA","MA18",998,36.0056975548351,998,932,1068,5.69300065082171,0.0360778532613578,976
"44","Kozeretska","F","MA","MA19",918.125,42.3799586766658,920,787,988,6.70085982810396,0.0461592470270015,920
"45","Kozeretska","F","MA","MA20",918.333333333333,51.8846561505389,924,771,1008,8.30819420019755,0.0564987181312583,932
"46","Kozeretska","F","MA","MA21",908.9,45.9563895839278,910,795,980,7.26634320616248,0.0505626466981271,944
"47","Kozeretska","F","MA","MA27",963.625,56.1183216573788,976,815,1056,8.87308574516361,0.0582366809260643,1012
"48","Kozeretska","F","MA","MA28",1029.4,47.7938555839445,1036,932,1100,10.6870309992508,0.0464288474683743,1036
"49","Kozeretska","F","MA","MA3",907.975,44.7480052556421,914,819,984,7.07528086785071,0.0492833010332246,863
"50","Kozeretska","F","MA","MA30",965.1,50.6935488739534,964,876,1068,8.01535385593783,0.0525267318142714,948
"51","Kozeretska","F","MA","MA31",954.625,58.0815904899836,960,839,1081,9.18350580367617,0.0608423103207894,881
"52","Kozeretska","F","MA","MA32",1025.4,39.8412233361763,1026,952,1100,6.29945052548847,0.0388543235187988,988
"53","Kozeretska","F","MA","MA33",1002.7,71.0962511183039,990,888,1124,11.2413043316567,0.0709048081363358,1048
"54","Kozeretska","F","MA","MA5",941.55,43.7221791241976,948,851,1008,9.77657646461281,0.0464363858788143,928
"55","Kozeretska","F","MA","MA6",983.4,52.7041394559239,982,876,1052,11.7850038519075,0.0535937964774496,956
"56","Kozeretska","F","MA","MA7",1033.425,46.7354186776406,1034,936,1153,7.38951852114595,0.0452238127369094,1036
"57","Kozeretska","F","MA","MA9",930.975,37.4956322242663,928,823,992,5.92858000683434,0.0402756596302439,960
"58","Kozeretska","F","MU","MU1",860.4,42.9291604915915,861,759,948,6.78769625961714,0.0498944217707944,827
"59","Kozeretska","F","MU","MU11",866.25,44.6615477357631,880,743,928,7.06161073366737,0.0515573422635072,884
"60","Kozeretska","F","MU","MU12",988.475,44.1489248351822,992,871,1096,6.98055793633747,0.0446636736742782,988
"61","Kozeretska","F","MU","MU13",885.225,44.367629398713,892,791,960,7.01513816410899,0.0501201721581665,867
"62","Kozeretska","F","MU","MU14",948.05,46.2351570083821,956,859,1048,7.31042020609921,0.0487686904787533,976
"63","Kozeretska","F","MU","MU15",936.3,49.029661352162,938,803,1032,7.75227013897815,0.052365333068634,976
"64","Kozeretska","F","MU","MU16",967.6,39.2969799294926,972,892,1020,8.78707184327904,0.0406128358097278,928
"65","Kozeretska","F","MU","MU17",988.1,33.2263411104765,990,908,1056,5.25354581113971,0.0336264964178489,944
"66","Kozeretska","F","MU","MU18",952.775,46.4760691108876,952,867,1044,7.34851175409008,0.048779689969707,976
"67","Kozeretska","F","MU","MU2",987.775,44.9498224519468,994,851,1060,7.10719096841632,0.0455061349517317,1016
"68","Kozeretska","F","MU","MU20",1014,32.1967634855954,1016,964,1076,7.19941518092743,0.031752232234315,1020
"69","Kozeretska","F","MU","MU3",998.3,39.0648376223624,996,884,1068,6.17669316556509,0.0391313609359535,980
"70","Kozeretska","F","MU","MU5",1015.3,37.94611564189,1020,928,1084,5.99980768922574,0.0373742890198858,1052
"71","Kozeretska","F","MU","MU6",891.275,66.9657346363393,890,683,1004,10.588212331863,0.0751347615902379,940
"72","Kozeretska","F","MU","MU7",941.625,43.8696714932204,942,863,1084,6.93640410609683,0.0465893232371915,940
"73","Kozeretska","F","MU","MU8",907.975,52.1774523952784,904,811,1076,8.24997960370439,0.057465736826761,904
"74","Kozeretska","F","MU","MU9",910.65,72.8266469969647,896,759,1036,11.5149039431735,0.0799721594432161,1028
"75","Kozeretska","F","RE","RE1",980.9,44.4359521801193,978,908,1072,7.02594094437508,0.0453012051994283,1012
"76","Kozeretska","F","RE","RE10",967.875,45.3296684981685,974,843,1076,7.16724990172982,0.0468342177431677,976
"77","Kozeretska","F","RE","RE11",967.6,38.3002979167633,966,904,1084,6.0558088239987,0.039582779988387,984
"78","Kozeretska","F","RE","RE12",881.275,51.9871717411231,890,719,956,8.21989359061452,0.05899086180945,851
"79","Kozeretska","F","RE","RE13",909.25,34.1608187615803,914,835,956,5.40129970114032,0.037570325830718,884
"80","Kozeretska","F","RE","RE15",963.45,55.7664314063117,966,791,1056,8.8174470111746,0.057882019208378,932
"81","Kozeretska","F","RE","RE16",958.6,34.7326632255121,960,896,1020,7.76645960118522,0.0362326968761862,960
"82","Kozeretska","F","RE","RE17",957.55,43.1033046505123,964,799,1016,6.81523086878734,0.0450141555537698,980
"83","Kozeretska","F","RE","RE2",1021.2,45.8062810607387,1024,936,1100,7.24260896468839,0.0448553476897167,1024
"84","Kozeretska","F","RE","RE3",980.3,65.6242092684191,998,799,1064,14.6740192893857,0.0669429860944804,1032
"85","Kozeretska","F","RE","RE6",1007.6,43.6000470477281,1008,924,1092,6.89377273806604,0.0432711860338707,972
"86","Kozeretska","F","RE","RE7",957.225,59.0642794128914,962,851,1072,9.33888256506647,0.0617036531775616,964
"87","Kozeretska","F","UM","UM13",943.225,66.4327257553237,958,771,1032,10.5039362280076,0.0704314726129224,960
"88","Kozeretska","F","UM","UM18",959.775,39.1810311902099,966,863,1056,6.19506498175807,0.0408231420803938,976
"89","Kozeretska","F","UM","UM2",949.4,50.6019154395745,966,807,1020,8.00086533781479,0.0532988365700174,976
"90","Kozeretska","F","UM","UM20",963.075,51.2487085515833,954,843,1100,8.1031323082576,0.0532136215264474,936
"91","Kozeretska","F","UM","UM21",936.975,55.7777124407967,932,839,1040,8.81923069934136,0.0595295631588854,948
"92","Kozeretska","F","UM","UM23",962.625,53.3991681006938,968,783,1052,8.44314981782,0.0554724509551422,964
"93","Kozeretska","F","UM","UM26",926.3,38.5201246103903,928,851,984,8.61336171305954,0.0415849342657782,948
"94","Kozeretska","F","UM","UM29",937.125,43.5643864783009,934,811,1036,6.88813430696362,0.0464872738197155,976
"95","Kozeretska","F","UM","UM4",980.575,40.5891784870846,978,863,1060,6.41771261871473,0.0413932422171528,988
"96","Kozeretska","F","UM","UM5",966.475,47.998924934542,964,835,1076,7.58929640163005,0.049663907431172,952
"97","Kozeretska","F","UM","UM7",905.525,50.8103499955144,922,771,996,8.03382173480758,0.0561114822843261,928
"98","Kozeretska","F","UM","UM9",863.7,53.6035781431015,865,735,976,8.47546988335099,0.0620627279646886,871
"99","Kozeretska","F","VA","VA1",948,56.6618399150972,950,795,1060,8.95902352737744,0.0597698733281616,863
"100","Kozeretska","F","VA","VA11",985.9,44.3481563806093,988,892,1068,7.01205920960272,0.0449824083381776,980
"101","Kozeretska","F","VA","VA15",979.4,45.4407475561476,980,892,1092,7.18481304290783,0.0463965157812412,952
"102","Kozeretska","F","VA","VA18",945.225,41.6600943534513,952,847,1060,6.58703928472129,0.0440742620576596,980
"103","Kozeretska","F","VA","VA22",951.625,49.2896657915851,960,815,1056,7.79338045049476,0.0517952615700356,968
"104","Kozeretska","F","VA","VA26",957.35,67.1265738964601,976,791,1060,10.6136432518209,0.0701170667952788,1016
"105","Kozeretska","F","VA","VA30",952.05,58.3721950751789,964,823,1044,13.0524196183978,0.0613121107874365,964
"106","Kozeretska","F","VA","VA34",915.35,44.7846986231819,914,811,996,7.08108259867308,0.0489263108353984,896
"107","Kozeretska","F","VA","VA35",944.95,33.8010392800319,944,867,1008,5.34441357028593,0.0357701881369722,944
"108","Kozeretska","F","VA","VA44",1011.4,35.9092874209016,1020,932,1076,5.67775687018413,0.0355045357137647,1028
"109","Kozeretska","F","VA","VA46",937.925,46.4069996378199,942,855,1028,7.337590911506,0.0494783694195377,884
"110","Kozeretska","F","VA","VA48",935.35,73.3857213806889,924,803,1056,11.6033013648747,0.0784580332289399,851
"111","Kozeretska","F","VA","VA55",984.775,50.0832576047894,984,843,1068,7.91885833360418,0.0508575640169474,1008
"112","Kozeretska","F","VA","VA57",993,43.1645628632966,990,916,1072,6.82491664267683,0.0434688447767338,944
"113","Kozeretska","F","VA","VA6",999.875,60.3137895105937,1008,871,1096,9.53644745847242,0.0603213296768033,980
"114","Kozeretska","F","VA","VA66",917.85,53.8395288964797,918,839,1028,8.51277697316638,0.0586583089791139,928
"115","Kozeretska","F","VA","VA67",965.175,46.8368075178223,966,863,1052,7.4055495043608,0.0485267516438183,996
"116","Kozeretska","F","VA","VA71",983.25,55.8779576742579,990,851,1080,8.835080862457,0.0568298577922785,1024
"117","Kozeretska","F","VA","VA9",889.41935483871,50.9265969761371,888,799,976,9.14668683109494,0.05725825135138,972
"118","Kozeretska","F","YE","YE13",897.2,65.8020341046361,900,763,1016,10.4042151221364,0.0733415449226885,884
"119","Kozeretska","F","YE","YE14",911.675,48.1889377134288,916,791,1000,7.61934005992107,0.0528575838028122,916
"120","Kozeretska","F","YE","YE19",948.925,58.0205036702875,958,815,1060,9.17384712941338,0.061143402977356,964
"121","Kozeretska","F","YE","YE20",861.65,78.1996601150239,871,707,992,17.4859755834573,0.0907557130099506,884
"122","Kozeretska","F","YE","YE22",921.725,44.2127650090287,924,755,996,6.99065195411628,0.0479674143687419,944
"123","Kozeretska","F","YE","YE26",1000.2,42.5794613201693,996,928,1116,9.52105699572214,0.0425709471307431,1028
"124","Kozeretska","F","YE","YE27",995,40.8900966005217,1004,912,1084,6.46529195009784,0.0410955744728862,1020
"125","Kozeretska","F","YE","YE33",991.4,50.1366338247997,986,880,1088,7.92729785501032,0.0505715491474679,1048
"126","Kozeretska","F","YE","YE40",967.4,55.0136579778382,956,880,1084,8.69842308137309,0.0568675397744865,988
"127","Kozeretska","F","YE","YE48",970.075,42.1367660278058,976,859,1064,6.66240769407361,0.0434366064766186,976
"128","Kozeretska","F","YE","YE49",952.075,40.565482042413,946,871,1060,6.41396588183421,0.0426074437858499,940
"129","Kozeretska","F","YE","YE51",960.85,74.3945916257217,964,755,1048,16.635136403345,0.0774258121722659,1048
"130","Kozeretska","F","YE","YE80",973.8,49.893836010021,970,884,1060,7.88890814972971,0.0512362251078466,1012
"131","Kozeretska","M","AK","AK1",819.725,51.3589617176783,827,639,892,8.12056486446286,0.0626538921195259,803
"132","Kozeretska","M","AK","AK10",813.6,55.3435887932181,819,695,932,8.75058972371694,0.0680230934036604,867
"133","Kozeretska","M","AK","AK11",812.475,79.8697617759928,825,683,952,12.6285181693596,0.0983042700095299,743
"134","Kozeretska","M","AK","AK12",802.85,41.2202029131969,807,711,888,6.51748634100051,0.051342346531976,807
"135","Kozeretska","M","AK","AK13",836.775,54.8800498523359,837,711,940,8.67729778184844,0.0655851929758129,904
"136","Kozeretska","M","AK","AK14",869.475,42.5344430568198,865,803,952,6.72528595331426,0.0489196849326545,827
"137","Kozeretska","M","AK","AK15",884.8,30.5279854352829,886,827,936,6.8262650649416,0.0345026960163685,908
"138","Kozeretska","M","AK","AK16",810.55,37.6358735033342,817,723,884,5.95075410002584,0.0464325131124967,827
"139","Kozeretska","M","AK","AK17",849.675,38.0878791541553,851,719,952,6.02222246861891,0.0448264091024866,867
"140","Kozeretska","M","AK","AK2",788.8,47.5146514799715,789,679,851,10.6245990636427,0.0602366271297813,839
"141","Kozeretska","M","AK","AK20",811.775,41.7302002797089,809,719,892,6.59812400494378,0.0514061165713515,803
"142","Kozeretska","M","AK","AK21",881.25,38.2290534321187,880,823,968,8.54827621896891,0.0433804861641064,888
"143","Kozeretska","M","AK","AK3",852.7,45.6026315030175,851,711,936,7.21040914234414,0.0534802761850797,835
"144","Kozeretska","M","AK","AK4",830.4,51.2674235548142,829,675,912,8.10609141008895,0.0617382268241982,827
"145","Kozeretska","M","AK","AK5",860.375,25.9700888104087,861,787,912,4.1062315838872,0.0301846157901016,859
"146","Kozeretska","M","AK","AK6",803.15,59.0176378631623,789,727,920,13.1967450133496,0.073482709161629,727
"147","Kozeretska","M","AK","AK7",819.275,39.610920211477,819,739,928,6.2630364041733,0.0483487476262269,835
"148","Kozeretska","M","AK","AK8",878.675,34.7337030592065,878,807,948,5.49188066195253,0.0395296361671909,835
"149","Kozeretska","M","AK","AK9",853.25,39.8572774296309,855,751,944,6.30198890054276,0.0467123087367488,880
"150","Kozeretska","M","GI","GI1",864.4,39.6489725672813,875.5,763,940,6.26905300990713,0.0458687789996313,892
"151","Kozeretska","M","GI","GI11",852.925,38.6996239960532,853,779,952,6.11894782098176,0.0453728334801456,880
"152","Kozeretska","M","GI","GI14",842.625,49.5361497111466,847,723,952,7.83235298011576,0.0587878946282707,847
"153","Kozeretska","M","GI","GI15",814.85,53.8968556840896,831,675,884,12.051703308312,0.0661432848795356,851
"154","Kozeretska","M","GI","GI2",776,41.0203201677738,787,655,823,6.48588210397527,0.0528612373296054,791
"155","Kozeretska","M","GI","GI3",821.3,56.3924890434251,819,671,948,8.91643541516567,0.0686624729616767,855
"156","Kozeretska","M","GI","GI6",853.625,57.8684128443852,863,675,976,9.14979945836001,0.0677913754217428,867
"157","Kozeretska","M","GI","GI8",837.275,36.3205017332339,835,739,916,5.74277556185562,0.0433794174354112,839
"158","Kozeretska","M","GI","GI9",809.05,53.7229491293795,821,627,876,12.0128166205056,0.0664025080395272,827
"159","Kozeretska","M","KA","KA1",769.9,53.6425969275184,781,631,871,8.48163929486542,0.0696747589654739,783
"160","Kozeretska","M","KA","KA10",841.975,50.8998450957292,845,699,928,8.04797215261278,0.0604529173618329,831
"161","Kozeretska","M","KA","KA13",803.425,44.9688709995521,815,723,880,7.11020280824387,0.0559714609323236,823
"162","Kozeretska","M","KA","KA14",840.55,79.3786608281583,843,691,963,12.5508682915484,0.0944365722778637,941
"163","Kozeretska","M","KA","KA15",861.6,38.0288689260524,865,791,956,6.01289213231634,0.0441374987535427,896
"164","Kozeretska","M","KA","KA16",792.125,50.1480819992662,805,671,888,7.92910797032858,0.0633082935133549,847
"165","Kozeretska","M","KA","KA17",815.325,44.2373478942618,807,739,900,6.99453884955604,0.0542573181176363,795
"166","Kozeretska","M","KA","KA18",814.075,45.6162293993638,815,699,900,7.21255915853621,0.0560344309791651,823
"167","Kozeretska","M","KA","KA2",814.6,55.9912081010527,809,703,916,8.85298732718988,0.0687346036104255,771
"168","Kozeretska","M","KA","KA3",798.6,40.1310673182581,811,699,867,6.34527888296205,0.0502517747536415,811
"169","Kozeretska","M","KA","KA5",801.675,45.7475724450531,801,675,904,7.2333263174963,0.0570649857424182,811
"170","Kozeretska","M","KA","KA7",796.2,29.396668222166,799,723,851,4.64802136011686,0.0369212110301004,799
"171","Kozeretska","M","MA","MA13",886.6,43.0475868875609,888,807,980,9.62573305479148,0.0485535606672241,859
"172","Kozeretska","M","MA","MA16",853.4,48.0388731480385,855,767,1000,7.59561276878524,0.0562911567237386,863
"173","Kozeretska","M","MA","MA18",889.875,33.6636359387305,884,803,960,5.32268819445443,0.0378296231928422,884
"174","Kozeretska","M","MA","MA19",810.65,46.6380223444898,811,711,916,7.37411880872069,0.0575316379997407,783
"175","Kozeretska","M","MA","MA20",815.837837837838,44.2471050613066,815,687,896,7.27417926327256,0.0542351715122356,811
"176","Kozeretska","M","MA","MA21",839.2,41.5613232434145,839,739,912,6.57142220098433,0.0495249323682251,791
"177","Kozeretska","M","MA","MA27",854.325,43.6896910330584,859,747,920,6.90794669667496,0.0511394270717331,908
"178","Kozeretska","M","MA","MA28",907.25,60.5586927134156,908,699,980,13.5413353535718,0.0667497301883886,908
"179","Kozeretska","M","MA","MA3",813.65,33.1001200710503,821,715,876,5.23358851247867,0.0406810300141957,827
"180","Kozeretska","M","MA","MA30",876.325,42.670705437854,861,795,964,6.74683092748755,0.0486927857106142,859
"181","Kozeretska","M","MA","MA31",863.4,58.5844995689439,857,755,978,9.26302271095077,0.0678532540756821,896
"182","Kozeretska","M","MA","MA32",906.1,31.0877995691442,908,815,984,4.91541270406484,0.0343094576416998,900
"183","Kozeretska","M","MA","MA33",894.8,60.4763992958813,894,779,1004,9.56215832303941,0.0675864989895857,847
"184","Kozeretska","M","MA","MA5",823.95,47.3069206019807,833,731,908,10.5781490272214,0.0574147953176536,847
"185","Kozeretska","M","MA","MA6",880.4,42.6323326768978,882,807,976,9.53287939049289,0.0484238217593114,863
"186","Kozeretska","M","MA","MA7",944.775,40.6715975362887,944,819,1028,6.43074421461825,0.0430489773081302,980
"187","Kozeretska","M","MA","MA9",824.925,43.2146624571111,827,719,908,6.83283808399199,0.0523861714181424,787
"188","Kozeretska","M","MU","MU1",773.2,40.5495581562446,773,635,839,6.41144809435955,0.0524438155150603,807
"189","Kozeretska","M","MU","MU11",771.4,37.125428427123,771,667,847,5.87004564696356,0.0481273378624877,767
"190","Kozeretska","M","MU","MU12",888.9,41.9766723983813,882,819,980,6.63709466868039,0.047223166158602,863
"191","Kozeretska","M","MU","MU13",756.8,43.0617922144208,755,663,843,6.80866717632377,0.0568998311501331,755
"192","Kozeretska","M","MU","MU14",873.825,34.3338716661804,876,787,952,5.42866176785251,0.0392914733112241,867
"193","Kozeretska","M","MU","MU15",850.35,43.4974505589489,849,763,940,6.87755080884214,0.0511524084893854,823
"194","Kozeretska","M","MU","MU16",864.15,49.4073028908416,867,751,948,11.0478087848844,0.0571744522257035,867
"195","Kozeretska","M","MU","MU17",881.675,28.9015903208962,880,831,972,4.56974267075544,0.0327803219110174,888
"196","Kozeretska","M","MU","MU18",865.025,45.120060635984,865,771,964,7.13410798873074,0.0521604122840195,843
"197","Kozeretska","M","MU","MU2",859.95,41.5661042875204,869,759,944,6.57217815043275,0.0483354896069777,892
"198","Kozeretska","M","MU","MU20",889.9,26.617959904427,898,839,940,5.95195677686626,0.0299111809241791,908
"199","Kozeretska","M","MU","MU3",889.05,38.2682502129242,886,803,956,6.0507416371032,0.0430439797682068,863
"200","Kozeretska","M","MU","MU5",910.8,37.7068313201352,906,815,992,5.96197351597004,0.0413996830480184,904
"201","Kozeretska","M","MU","MU6",803.45,62.650004604334,813,606,908,9.90583549848658,0.077976233249529,751
"202","Kozeretska","M","MU","MU7",840.175,59.0340568807097,847,671,948,9.33410396314889,0.0702640008101999,884
"203","Kozeretska","M","MU","MU8",776.8,49.2732829255004,787,663,871,7.7907900919233,0.0634311057228378,723
"204","Kozeretska","M","MU","MU9",779.15,78.4943408053188,781,635,904,12.4110450189151,0.100743554906396,731
"205","Kozeretska","M","RE","RE1",874.3,42.1086506734479,873.5,783,964,6.65796226622392,0.0481627023601142,900
"206","Kozeretska","M","RE","RE10",870.7,48.4012078679543,867,743,968,7.6529029182999,0.0555888456046334,863
"207","Kozeretska","M","RE","RE11",892.1,44.2219344576816,900,751,968,6.99210177124784,0.0495706024634924,904
"208","Kozeretska","M","RE","RE12",805.35,47.275813732844,811,699,912,7.47496248168271,0.0587021962287751,767
"209","Kozeretska","M","RE","RE13",804.8,32.7345187523617,807,735,843,5.17578186834781,0.0406741038175468,843
"210","Kozeretska","M","RE","RE15",857.125,52.1625602545321,843,743,948,8.24762494950469,0.0608575881633742,916
"211","Kozeretska","M","RE","RE16",846.7,31.8517949589229,839,795,900,7.12227787335366,0.0376187492133257,880
"212","Kozeretska","M","RE","RE17",838.4,35.7833939425997,835,751,912,5.65785136348438,0.0426805748361161,835
"213","Kozeretska","M","RE","RE2",888.925,48.4944551416673,896,755,972,7.6676466068266,0.054554045776266,928
"214","Kozeretska","M","RE","RE3",881.2,47.6319220691334,884,775,952,10.6508215645555,0.054053474885535,884
"215","Kozeretska","M","RE","RE6",898.45,41.646220624538,904,807,992,6.584845655571,0.0463534093433558,932
"216","Kozeretska","M","RE","RE7",862.525,49.0901773557655,857,743,964,7.76183855929205,0.0569144979632654,827
"217","Kozeretska","M","UM","UM13",832.325,46.9475361850455,851,707,892,7.4230572438958,0.0564052938275859,867
"218","Kozeretska","M","UM","UM18",874.325,40.2054898024686,876,783,960,6.35704611092371,0.0459846050409958,908
"219","Kozeretska","M","UM","UM2",842.725,50.4162100000509,837,727,948,7.97150272967593,0.0598252217509281,876
"220","Kozeretska","M","UM","UM20",856.325,47.940875712721,859,731,948,7.58011801376232,0.0559844401514857,880
"221","Kozeretska","M","UM","UM21",835.175,41.5265670292016,837,735,924,6.56592676099644,0.0497219948264754,843
"222","Kozeretska","M","UM","UM23",872.825,40.2758994551714,876,791,960,6.36817885451382,0.0461443009253532,843
"223","Kozeretska","M","UM","UM26",829.85,28.3572602789183,829,767,884,6.34087616393159,0.0341715494112409,815
"224","Kozeretska","M","UM","UM29",847.45,33.2580817245974,847,787,920,5.25856444288743,0.0392448896390317,811
"225","Kozeretska","M","UM","UM4",853.65,48.3250479193788,855,699,928,7.6408609731009,0.0566099079474946,912
"226","Kozeretska","M","UM","UM5",849.1,49.4927086056947,837,751,976,7.82548433825058,0.0582884331712339,823
"227","Kozeretska","M","UM","UM7",801.6,59.0414022486524,795,687,912,9.33526536779643,0.0736544439229696,795
"228","Kozeretska","M","UM","UM9",768,51.8043657203938,771,651,859,8.19098942083969,0.0674536011984294,771
"229","Kozeretska","M","VA","VA1",840.475,52.8286963103024,843,735,968,8.35295030789444,0.0628557616946398,795
"230","Kozeretska","M","VA","VA11",871.425,39.7136464952379,882,779,940,6.27927885578575,0.0455732237372555,892
"231","Kozeretska","M","VA","VA15",888.525,42.7383137423373,894,799,988,6.75752073903303,0.0481002940179931,859
"232","Kozeretska","M","VA","VA18",840.65,31.3168669225731,835,767,912,4.95163143278595,0.0372531575835046,823
"233","Kozeretska","M","VA","VA22",834.15,36.7308645454529,839,735,896,5.80765961953783,0.0440338842479805,859
"234","Kozeretska","M","VA","VA26",844.45,80.3147494197608,851,647,1197,12.6988768936066,0.095108945964546,863
"235","Kozeretska","M","VA","VA30",867.85,54.399375963913,871,775,984,12.1640702588878,0.0626829244269321,896
"236","Kozeretska","M","VA","VA34",823.225,40.1608863805543,809,751,900,6.34999369068937,0.0487848235665272,807
"237","Kozeretska","M","VA","VA35",859.05,39.2199256004211,861,783,956,6.20121472798387,0.0456549974977255,876
"238","Kozeretska","M","VA","VA44",905.9,36.4359641999424,912,835,988,5.76103178080864,0.0402207354011949,880
"239","Kozeretska","M","VA","VA46",840.9,51.7696079538208,841,739,928,8.18549373540214,0.0615645236696644,847
"240","Kozeretska","M","VA","VA48",850.175,76.5418898214298,857,691,1016,12.1023354124688,0.0900307464009525,904
"241","Kozeretska","M","VA","VA55",894.05,60.1037351115467,904,763,1004,9.5032349417961,0.0672263688960872,928
"242","Kozeretska","M","VA","VA57",882.775,47.5181409353177,884,731,980,7.51327777662439,0.0538281452638755,859
"243","Kozeretska","M","VA","VA6",899.725,52.3283457528591,900,775,1012,8.27383793839166,0.0581603776185603,888
"244","Kozeretska","M","VA","VA66",832.3,48.4520381408254,823,743,956,7.66093989011792,0.0582146319125621,779
"245","Kozeretska","M","VA","VA67",862.85,49.7133062721926,863,715,968,7.86036389188316,0.0576152358720433,839
"246","Kozeretska","M","VA","VA71",866.125,49.5462423217455,867,731,948,7.83394876196725,0.0572044939491939,871
"247","Kozeretska","M","VA","VA9",798.4,49.8989323360316,795,671,908,9.11025694528949,0.0624986627455306,751
"248","Kozeretska","M","YE","YE13",804.875,51.9186679039734,797,695,908,8.20906218292181,0.0645052559763608,787
"249","Kozeretska","M","YE","YE14",807.8,33.9193613873121,811,723,867,5.36312193811374,0.0419898011727062,811
"250","Kozeretska","M","YE","YE19",832.725,47.4027952762282,823,727,924,7.49504002657758,0.0569249095154201,871
"251","Kozeretska","M","YE","YE20",759.65,61.5281493130968,753,651,880,13.7581124393841,0.0809953917107837,731
"252","Kozeretska","M","YE","YE22",809.65,37.1666724157751,811,711,884,5.8765668941601,0.0459046160881555,803
"253","Kozeretska","M","YE","YE26",884.45,42.0994749310925,886,787,944,9.41372877629711,0.0475996098491633,884
"254","Kozeretska","M","YE","YE27",902.175,37.8159425747992,902,815,980,5.97922552012489,0.0419164159667462,904
"255","Kozeretska","M","YE","YE33",881.35,46.9175763905061,886,747,956,7.41832018444704,0.053233762285705,900
"256","Kozeretska","M","YE","YE40",853.925,69.2455265610563,867,707,980,10.9486790855312,0.0810908763194148,867
"257","Kozeretska","M","YE","YE48",868.225,48.0141472207237,863,775,988,7.59170325640652,0.0553015027449379,839
"258","Kozeretska","M","YE","YE49",854.8,40.6367271042291,851,787,936,6.42523071520313,0.0475394561350364,835
"259","Kozeretska","M","YE","YE51",886.55,35.9758325312395,886,823,944,8.04444070869998,0.0405795866349777,871
"260","Kozeretska","M","YE","YE80",850.275,65.6099537085725,853,663,960,10.373844544865,0.077163216263647,900
"261","Posnien","F","AK","AK12",900.526,30.7894284094034,888.0495,848.285,946.56,9.736472162841,0.0341904935664305,881.174
"262","Posnien","F","AK","AK3",893.1268,24.7493050443397,894.695,856.677,924.718,7.82641744464079,0.0277108525288231,905.92
"263","Posnien","F","AK","AK7",848.3404,42.7999443826222,850.467,774.453,929.253,13.5345307977615,0.0504513805809817,818.318
"264","Posnien","F","GI","GI10",937.2404,50.8379730892393,951.3725,869.519,1030.302,16.0763786588343,0.0542421913195796,887.393
"265","Posnien","F","GI","GI14",974.6489,25.1522955808986,982.551,925.458,1000.017,7.95385424174274,0.0258065192305645,982.668
"266","Posnien","F","GI","GI7",921.2417,42.1923405846501,929.2825,842.913,968.659,13.3423896061055,0.0457994254761265,951.534
"267","Posnien","F","KA","KA16",949.077,41.7572579187007,948.647,883.601,1010.196,13.2048043866196,0.0439977556285746,896.954
"268","Posnien","F","KA","KA6",952.1812,37.7864237518656,966.749,883.718,986.916,11.9491163688181,0.0396840682759391,986.916
"269","Posnien","F","KA","KA7",884.557,54.5668024636877,887.7845,777.907,981.466,17.255538041774,0.0616882829073623,841.129
"270","Posnien","F","MA","MA13",899.8265,51.6647687914867,890.7125,832.821,1006.642,16.3378344167083,0.0574163672568953,893.774
"271","Posnien","F","MA","MA3",866.5787,29.1136380338608,864.129,825.284,912.505,9.20654071607065,0.0335960692708704,912.505
"272","Posnien","F","MA","MA30",879.5875,32.9329921684421,887.4335,835.273,936.695,10.4143265416765,0.0374414053956452,839.638
"273","Posnien","F","MU","MU11",790.3488,43.6848671555723,808.186,708.228,837.779,13.814367949349,0.0552728961637853,786.816
"274","Posnien","F","MU","MU15",890.0686,35.0811874282752,888.579,810.796,942.164,11.0936455296615,0.0394140265461283,810.796
"275","Posnien","F","MU","MU4",918.2771,54.585293386589,905.019,856.712,1014.435,17.2613853850147,0.0594431608787685,993.043
"276","Posnien","F","RE","RE11",886.6515,19.4666188655235,878.149,858.33,922.143,6.15588539574573,0.0219552088566066,905.446
"277","Posnien","F","RE","RE15",932.0276,35.6950924737717,932.2275,861.168,977.554,11.2877793507453,0.0382983212876654,977.554
"278","Posnien","F","RE","RE18",889.6376,38.9629703784389,897.837,831.708,958.625,12.321173080154,0.043796451924288,893.475
"279","Posnien","F","UM","UM20",935.4562,28.1013030492656,941.255,883.601,969.74,8.88641228543143,0.0300402125179839,904.784
"280","Posnien","F","UM","UM5",871.7935,37.1084652733637,866.543,813.734,943.161,11.7347270737092,0.0425656594977638,875.462
"281","Posnien","F","UM","UM9",918.0426,12.0382968452075,920.13,900.56,937.384,3.80684371800753,0.0131130046091625,937.384
"282","Posnien","F","VA","VA15",917.3119,30.2365529393738,915.952,864.905,966.876,9.56163758806804,0.0329621287365549,892.024
"283","Posnien","F","VA","VA48",866.5201,51.7484362908141,874.794,783.215,930.934,16.3642924031088,0.059719833724358,900.031
"284","Posnien","F","VA","VA6",911.456,41.2064997893402,901.719,853.386,981.388,13.0306393737563,0.0452095326481368,886.953
"285","Posnien","F","YE","YE14",947.7405,41.5307836008424,958.5805,877.521,995.501,13.1331869190231,0.0438208387220367,995.501
"286","Posnien","F","YE","YE19",928.2944,33.8576777808389,923.933,885.684,983.027,10.7067378071526,0.0364729958306749,914.608
"287","Posnien","F","YE","YE21",949.5011,51.031073647882,965.88,883.809,1017.384,16.1374424171105,0.0537451443161909,975.226
"288","Posnien","M","AK","AK12",790.827,31.9224598014905,797.508,734.755,825.642,10.0947681487877,0.0403659204876547,816.281
"289","Posnien","M","AK","AK3",800.4012,21.5090810630714,797.425,761.4,829.974,6.80176865365016,0.0268728745822363,793.417
"290","Posnien","M","AK","AK7",740.2375,62.3494641022145,737.1135,615.31,836.908,19.7166317453903,0.0842289996146027,743.513
"291","Posnien","M","GI","GI10",861.1876,35.5243251126761,861.4465,781.621,901.432,11.2337779696374,0.0412503908703239,781.621
"292","Posnien","M","GI","GI14",832.8848,32.6110611766417,830.4465,759.286,875.093,10.3125230233278,0.0391543478481558,865.106
"293","Posnien","M","GI","GI7",829.613,27.7307128329263,825.23,788.761,886.317,8.76922136921074,0.0334260828035799,840.617
"294","Posnien","M","KA","KA16",854.7692,24.9394466961701,862.4995,800.455,882.871,7.88654551442588,0.0291768195393214,835.988
"295","Posnien","M","KA","KA6",819.043,28.9856722613853,812.0735,770.839,860.288,9.16607438571411,0.0353896831562999,844.026
"296","Posnien","M","KA","KA7",796.8645,46.4741794147866,797.703,740.922,892.449,14.6964259338037,0.0583213073424486,833.772
"297","Posnien","M","MA","MA13",782.0934,30.2949971234709,768.94,749.522,833.894,9.58011926184174,0.038735779030319,749.522
"298","Posnien","M","MA","MA3",763.3577,41.0989052653609,751.5635,707.447,836.474,12.9966149978027,0.0538396419730369,786.003
"299","Posnien","M","MA","MA30",810.8418,37.6948458215591,809.252,755.371,855.833,11.9201568845008,0.0464885330548562,807.551
"300","Posnien","M","MU","MU11",685.1337,44.7520899252513,676.766,604.647,755.031,14.1518534216468,0.0653187690596029,668.265
"301","Posnien","M","MU","MU15",771.8943,26.8618815798728,768.5155,735.977,819.204,8.49447280301203,0.0347999481015378,777.475
"302","Posnien","M","MU","MU4",812.9647,57.9330410388676,805.076,708.779,935.339,18.3200361462829,0.0712614471930547,807.353
"303","Posnien","M","RE","RE11",797.785,29.2281463015057,802.1845,754.056,853.687,9.24275140973846,0.0366366205199467,801.386
"304","Posnien","M","RE","RE15",809.5538,28.4796417494634,811.094,768.957,867.634,9.00605348739268,0.0351794306313717,814.372
"305","Posnien","M","RE","RE18",800.4391,41.8814273779095,792.9075,718.609,871.395,13.2440702173128,0.0523230653998656,774.992
"306","Posnien","M","UM","UM20",852.9666,18.0882130386982,850.856,827.274,879.795,5.71999520046418,0.0212062383670102,827.274
"307","Posnien","M","UM","UM5",799.9515,13.8141767619757,804.145,770.176,815.656,4.3684262568013,0.0172687678715219,807.409
"308","Posnien","M","UM","UM9",812.7472,29.3569823865541,807.43,767.802,868.807,9.28349295709565,0.0361206810513208,868.807
"309","Posnien","M","VA","VA15",798.8608,36.7618974869966,802.661,747.171,876.912,11.6251327168529,0.0460179013502685,747.171
"310","Posnien","M","VA","VA48",786.1821,38.2326883190288,787.929,725.263,844.964,12.0902376159445,0.0486308303369268,791.322
"311","Posnien","M","VA","VA6",804.9606,31.881650675933,810.7525,755.95,855.014,10.0818631701795,0.0396064735043343,800.959
"312","Posnien","M","YE","YE14",836.7393,29.0065354591762,837.8295,793.034,874.238,9.17267190814347,0.0346661564231251,831.323
"313","Posnien","M","YE","YE19",794.2383,29.0049419086166,788.4755,761.52,842.063,9.17216798320998,0.0365191931799519,774.3
"314","Posnien","M","YE","YE21",827.7034,17.3861406694464,826.1745,804.149,859.892,5.49798042355353,0.0210052787863943,805.798
"315","Ritchie","F","AK","AK1",863.692307692308,84.7957775283633,853,676,1011,13.5781913060837,0.098178224783463,958
"316","Ritchie","F","AK","AK2",997.945945945946,37.6806360128161,992,894,1089,6.19465840152874,0.0377581933830082,985
"317","Ritchie","F","AK","AK3",973.227272727273,48.1170393047907,979.5,863,1061,7.25391660894427,0.0494407017283357,1013
"318","Ritchie","F","AK","AK4",961.526315789474,43.0152310184806,965,854,1055,6.97799190608598,0.0447364053506559,982
"319","Ritchie","F","GI","GI1",872.52380952381,131.332428350172,838,642,1060,20.265033653088,0.150520165658113,941
"320","Ritchie","F","GI","GI2",994.794871794872,43.9408570737744,999,892,1074,7.03616831983669,0.0441707716028868,993
"321","Ritchie","F","GI","GI3",974.044444444444,37.2027342320888,980,871,1025,5.54585617945394,0.0381940828719656,1000
"322","Ritchie","F","GI","GI4",991.853658536585,37.9812855072138,988,905,1060,5.93168023902677,0.0382932352775234,1016
"323","Ritchie","F","GI","GI5",973.641025641026,50.8953969480475,973,853,1071,8.14978595046792,0.0522732666431543,973
"324","Ritchie","F","KA","KA1",823.688888888889,139.639279154643,853,567,1031,20.8161947012567,0.169529152375733,874
"325","Ritchie","F","KA","KA2",951.425,73.2865424733102,955,769,1232,11.5876198027165,0.077028186639315,948
"326","Ritchie","F","KA","KA3",1031.86666666667,52.2518377232279,1033,915,1133,7.78924407322837,0.0506381680997816,1064
"327","Ritchie","F","KA","KA5",928.714285714286,37.3580225485704,930,855,997,6.31465834103363,0.0402255280479915,855
"328","Ritchie","F","KA","KA6",982.181818181818,39.6820343200815,976.5,893,1059,5.98229176171437,0.0404019231322563,1018
"329","Ritchie","F","MA","MA3",912.071428571429,91.2817650310165,928.5,668,1049,14.0850821347384,0.100081816151165,926
"330","Ritchie","F","MA","MA5",973.568181818182,50.2983645428666,979.5,888,1093,7.58276376169112,0.0516639363140774,1012
"331","Ritchie","F","MA","MA6",995.840909090909,33.1662080632361,998.5,927,1056,4.9999939938461,0.0333047254440603,1002
"332","Ritchie","F","MA","MA7",1022.78048780488,49.5063188871491,1031,934,1128,7.73158805786303,0.048403659903017,1049
"333","Ritchie","F","MA","MA9",994.090909090909,37.2557585259028,996.5,875,1048,5.61651692320472,0.0374772147951469,1012
"334","Ritchie","F","MU","MU1",960.75,44.8211562380047,967.5,863,1061,6.75704354142541,0.0466522573385425,975
"335","Ritchie","F","MU","MU2",991.466666666667,30.1138747846479,988,938,1079,4.48911140562597,0.0303730582147471,965
"336","Ritchie","F","YE","YE11",1017.34146341463,41.7675769922661,1014,929,1118,6.52299962385419,0.0410556125885956,1008
"337","Ritchie","F","YE","YE13",966.380952380952,41.9715073974856,967.5,790,1024,6.47634419439075,0.0434316376932688,962
"338","Ritchie","F","YE","YE14",1013.44186046512,34.8673010451131,1017,934,1076,5.31721356073628,0.0344048360397417,1018
"339","Ritchie","F","YE","YE15",950.088235294118,52.5630170984164,951,818,1034,9.01448306319991,0.0553243531977264,953
"340","Ritchie","F","YE","YE19",1017.08888888889,43.2055458467914,1023,878,1096,6.44070250122728,0.0424796164020541,1023
"341","Ritchie","M","AK","AK1",750.078947368421,55.4613971320142,744,621,862,8.99702666065294,0.0739407462729025,726
"342","Ritchie","M","AK","AK2",862.885714285714,48.7229692351814,876,732,989,8.23568495042404,0.0564651476186666,883
"343","Ritchie","M","AK","AK3",846.8,28.3200860296587,846,809,915,4.22170916606394,0.0334436537903386,818
"344","Ritchie","M","AK","AK4",833.581395348837,45.815485299675,833,748,963,6.98679600729491,0.0549622215122762,835
"345","Ritchie","M","GI","GI1",730.552631578947,156.937704523151,716.5,62,977,25.4586574567452,0.214820531388629,650
"346","Ritchie","M","GI","GI2",877.878048780488,178.699075979977,858,693,1902,27.9081069418108,0.203557972805241,875
"347","Ritchie","M","GI","GI3",858.733333333333,150.232304963165,834,746,1809,22.3953097542744,0.174946399693151,820
"348","Ritchie","M","GI","GI4",858,33.7742905580961,855,784,934,5.47891341201765,0.0393639750094361,877
"349","Ritchie","M","GI","GI5",825.842105263158,130.90609927685,854.5,300,981,21.2357734593753,0.158512260930479,852
"350","Ritchie","M","KA","KA1",697.697674418605,114.736247206514,706,460,877,17.4971136643217,0.16444980600247,591
"351","Ritchie","M","KA","KA2",NA,NA,NA,NA,NA,NA,NA,828
"352","Ritchie","M","KA","KA3",902.4,43.009195634084,900,806,993,6.41143233969326,0.047660899417203,847
"353","Ritchie","M","KA","KA5",813.914285714286,36.7025976229055,817,748,869,6.20387130811746,0.0450939346649943,853
"354","Ritchie","M","KA","KA6",870.583333333333,44.7522545321941,881.5,749,950,7.45870908869901,0.0514049061344241,918
"355","Ritchie","M","MA","MA3",795.780487804878,79.402931997226,811,622,919,12.400654594992,0.0997799433563082,811
"356","Ritchie","M","MA","MA5",843.073170731707,49.6202530444487,857,694,933,7.74938158381611,0.0588564015165885,861
"357","Ritchie","M","MA","MA6",848.078947368421,46.2486707355786,849.5,762,945,7.50252509213427,0.0545334498387063,846
"358","Ritchie","M","MA","MA7",876.820512820513,52.974110754749,868,772,986,8.48264655462416,0.0604161398828872,888
"359","Ritchie","M","MA","MA9",861.675675675676,50.052779950576,867,720,944,8.22862633569258,0.0580877253049154,890
"360","Ritchie","M","MU","MU1",838.837209302326,36.0501834303227,840,753,941,5.49760143335236,0.0429763761437171,881
"361","Ritchie","M","MU","MU2",859.394736842105,37.1254552970056,858,786,939,6.02254411840684,0.0431995376576603,891
"362","Ritchie","M","YE","YE11",866.945945945946,50.2753230532446,877,766,979,8.2652121964031,0.0579913007129735,880
"363","Ritchie","M","YE","YE13",835.121951219512,55.9281660355278,839,705,935,8.73451208529894,0.0669700586289906,793
"364","Ritchie","M","YE","YE14",868.829268292683,36.9573419221569,871,788,939,5.77176711738674,0.0425369439899061,874
"365","Ritchie","M","YE","YE15",815.457142857143,42.8453737341637,807,727,893,7.24218998137238,0.0525415395639862,838
"366","Ritchie","M","YE","YE19",869.947368421053,36.7386293263578,873,778,922,5.95979265971807,0.0422308643717586,882
"367","Schmidt","F","AK","AK1",985.236,22.2954779670178,984.905,948.49,1022.38,7.05044918978768,0.0226295811024139,978.57
"368","Schmidt","F","AK","AK10",1011.721,28.4308859634495,1011.455,958.7,1065.41,8.9906355541011,0.0281015081860013,1032.45
"369","Schmidt","F","AK","AK11",999.936,26.6566261097603,999.44,955.94,1043.92,8.42956532423561,0.0266583322430239,999.17
"370","Schmidt","F","AK","AK12",998.187,19.9667540621348,996.17,972.68,1029.02,6.31404203167652,0.0200030195365546,987.93
"371","Schmidt","F","AK","AK13",1030.293,23.1780739541106,1028.88,988.93,1073.27,7.32955054708147,0.0224965849075075,1073.27
"372","Schmidt","F","AK","AK14",974.484,22.4442445975701,970.41,946.41,1012.04,7.09749332902509,0.023031927253367,948.93
"373","Schmidt","F","AK","AK15",1006.462,28.1520714848639,1010.225,946.19,1044.53,8.90246667440484,0.0279713208097911,1023.8
"374","Schmidt","F","AK","AK16",993.849,40.3006825004242,1001.32,887.42,1039.53,12.744194796063,0.0405501062036831,887.42
"375","Schmidt","F","AK","AK17",1032.273,14.3105431607454,1028.95,1016.51,1059.17,4.52539109421005,0.0138631381046926,1028.76
"376","Schmidt","F","AK","AK18",966.815,46.0048104368808,955.165,906.7,1040.28,14.5479984304829,0.0475838815459843,942.68
"377","Schmidt","F","AK","AK2",1016.725,31.2908042047145,1018.3,971.56,1087.19,9.89502111052715,0.0307760743610264,971.56
"378","Schmidt","F","AK","AK20",968.097,35.0116063454519,952.335,936.08,1038.86,11.0716420592832,0.0361653908084127,1038.86
"379","Schmidt","F","AK","AK21",999.106,37.9845834809627,1005.515,906.58,1044.51,12.0117799772649,0.0380185720844061,906.58
"380","Schmidt","F","AK","AK3",972.367,43.8877608983036,963.33,930.49,1057.07,13.8785285843517,0.0451349756813051,940.88
"381","Schmidt","F","AK","AK4",1021.671,16.244644553411,1021.945,996.81,1049.96,5.13700765686277,0.0159000740487016,1036.33
"382","Schmidt","F","AK","AK5",964.859,49.9853764059494,970.3,842.66,1010.58,15.8067639143641,0.0518058870839671,936.4
"383","Schmidt","F","AK","AK6",987.007,29.1542388951513,984.93,950.78,1034.02,9.21937983573492,0.0295380264731166,1022.66
"384","Schmidt","F","AK","AK7",998.276,39.4473923092516,997.225,936.62,1060.37,12.4743607451444,0.0395155170606641,1053.01
"385","Schmidt","F","AK","AK8",981.914,34.9691083354691,990.29,923.44,1029.37,11.0582030085262,0.0356132088303753,1008.28
"386","Schmidt","F","AK","AK9",991.653,23.466842352562,985.81,960.76,1024.12,7.42086713262001,0.0236643688392634,988.98
"387","Schmidt","F","GI","GI1",1023.664,21.1497166779027,1018.12,990.96,1062.91,6.68812765694224,0.0206607995181063,1021
"388","Schmidt","F","GI","GI10",1034.337,24.4640116861029,1028.26,1000.04,1069.76,7.73619976330613,0.023651877179394,1017.56
"389","Schmidt","F","GI","GI11",967.175,47.0118271761952,970.31,879.3,1045.87,14.8664450842979,0.0486073638960841,925.55
"390","Schmidt","F","GI","GI12",1001.385,38.6303701049375,1002.24,958.09,1057.64,12.215995638688,0.0385769410415948,1013.62
"391","Schmidt","F","GI","GI13",1035.452,27.8417491468398,1031.71,992.24,1070.46,8.80433413470636,0.026888498111781,992.24
"392","Schmidt","F","GI","GI14",1062.921,21.4450737414862,1059.99,1029.85,1114.67,6.78152776133652,0.0201756045289219,1057.86
"393","Schmidt","F","GI","GI15",1052.573,21.670838085624,1053.525,1020.81,1082.08,6.8529207155295,0.0205884419281361,1038.47
"394","Schmidt","F","GI","GI2",1022.298,17.6401674217301,1023.675,990.18,1040.7,5.57831073593671,0.0172554063704811,1004.05
"395","Schmidt","F","GI","GI3",1007.12,26.4768449782069,1010.725,971.42,1047.23,10.8091266992297,0.0262896625806328,1017.4
"396","Schmidt","F","GI","GI5",1000.214,35.0439156868445,1005.1,941.45,1046.24,11.0818591701333,0.0350364178934153,995.01
"397","Schmidt","F","GI","GI7",1033.6075,33.205878029564,1032.53,996.51,1093.6,11.7400507649791,0.0321261968683122,1024.16
"398","Schmidt","F","GI","GI8",1042.032,15.0731385804904,1042.205,1018.83,1066.38,4.76654494017068,0.0144651398234319,1050.04
"399","Schmidt","F","GI","GI9",998.168333333333,57.5919766692086,1018.23,916.49,1052.47,23.5118260196391,0.0576976595489491,1052.47
"400","Schmidt","F","KA","KA1",980.74549322,35.2987962246951,983.3872148,920.6061864,1025.796187,11.1624594732189,0.0359918005932421,920.6061864
"401","Schmidt","F","KA","KA10",943.55363972,55.978075874505,939.2255734,859.8640265,1023.722575,17.7018218797158,0.0593268612594368,1016.631212
"402","Schmidt","F","KA","KA11",1027.49448755,31.2730291160919,1032.4431655,958.2953532,1054.602809,9.88940013396126,0.0304362013568176,958.2953532
"403","Schmidt","F","KA","KA13",977.19898889,34.0677898735962,973.39153,937.21446,1039.850242,10.7731810848584,0.0348626945595736,990.2670929
"404","Schmidt","F","KA","KA14",1026.69944377273,31.8527915719018,1027.913833,983.0100256,1070.198678,9.60397801539936,0.031024455857164,1051.416988
"405","Schmidt","F","KA","KA16",987.63684473,48.5300221110667,994.4394447,880.0633577,1046.945583,15.3465404769304,0.049137516861609,990.4359929
"406","Schmidt","F","KA","KA17",1047.8029942,29.8668298211979,1041.276887,1018.206775,1113.017376,9.44472087236248,0.0285042417196004,1028.09312
"407","Schmidt","F","KA","KA18",1030.89983805,32.8825339846367,1025.7150515,975.3020586,1074.06875,10.3983702629344,0.0318969241927865,975.3020586
"408","Schmidt","F","KA","KA2",1018.50466307,47.9215402919388,1024.4877875,913.0736838,1059.655938,15.1541216306057,0.0470508796174704,1049.810125
"409","Schmidt","F","KA","KA23",1009.5001315,52.8494970861372,1007.0373775,926.3186147,1082.256901,16.7124783986626,0.0523521448259833,1082.256901
"410","Schmidt","F","KA","KA24",1017.14252654,23.0589806468353,1028.614586,982.7106219,1039.993218,7.29188993657423,0.0226703535101169,1039.993218
"411","Schmidt","F","KA","KA25",1032.13235502,34.6525478632806,1035.674524,950.4162962,1074.620892,10.9580977975968,0.0335737443892156,1046.294466
"412","Schmidt","F","KA","KA28",976.37385386,54.8777652716292,953.6027828,893.4925629,1061.863587,17.3538731158437,0.0562056890961133,954.6357462
"413","Schmidt","F","KA","KA29",1034.60857743,21.7728371798926,1038.850954,996.2595003,1069.728232,6.88517566124579,0.0210445164044329,1036.018286
"414","Schmidt","F","KA","KA3",1012.74884038,49.9776594152717,1021.0545525,911.742855,1078.614388,15.8043235876417,0.0493485229729014,984.9790901
"415","Schmidt","F","KA","KA5",1016.22027353,29.1145736656498,1024.5545695,961.7800164,1060.428846,9.20683658882109,0.0286498650184529,986.3320139
"416","Schmidt","F","KA","KA6",985.87868285,28.6886172731013,983.49124385,940.9829754,1034.966799,9.07213735038491,0.0290995411222075,968.6717669
"417","Schmidt","F","KA","KA7",988.99036579,22.4152505657037,983.1329677,950.8561868,1026.375806,7.08832461110015,0.022664781519685,977.3722288
"418","Schmidt","F","KA","KA9",987.70789632,35.6313479709972,983.1236963,935.1547637,1047.982095,11.267621569037,0.0360747829431681,981.501048
"419","Schmidt","F","MA","MA12",1011.612,28.262415089066,1012.18,954.13,1066.62,8.93736038585591,0.0279379990441652,1024.74
"420","Schmidt","F","MA","MA13",986.926,43.409814609653,1003.305,905.8,1033.16,13.7273886972157,0.0439848728371256,1003.02
"421","Schmidt","F","MA","MA18",979.554,37.1160762413749,982.435,929.87,1038.04,11.7371338731206,0.0378907913615532,999.51
"422","Schmidt","F","MA","MA19",1029.554,35.1116885254912,1023.215,973.74,1082.77,11.1032908234951,0.0341037852560344,973.74
"423","Schmidt","F","MA","MA20",1029.81,31.9422780183255,1028.9,985.66,1085.62,10.6474260061085,0.0310176421071125,1000.92
"424","Schmidt","F","MA","MA21",1025.939,28.0080256156854,1023.17,981.47,1080.98,8.85691537099056,0.0272998936736837,1040.83
"425","Schmidt","F","MA","MA23",1009.429,21.992241283386,1009.795,975.91,1037.04,6.95455733074842,0.0217868134196521,1008.29
"426","Schmidt","F","MA","MA26",1015.81,23.1750699387654,1022.945,963.81,1038.03,7.32860059401976,0.0228143746751513,1037.15
"427","Schmidt","F","MA","MA27",971.145,70.8852050854055,984.735,884.4,1030.71,35.4426025427028,0.0729913710984513,1027.35
"428","Schmidt","F","MA","MA28",1037.563,36.0692636310875,1038.475,961.42,1096.19,11.4061026599312,0.0347634443702093,1034.98
"429","Schmidt","F","MA","MA3",1047.009,24.9850686299727,1054.385,997.97,1077.43,7.90097243663363,0.0238632797139019,1012
"430","Schmidt","F","MA","MA30",1024.55111111111,30.6225931480518,1027.39,963.54,1064.52,10.2075310493506,0.0298887901403397,1064.52
"431","Schmidt","F","MA","MA31",999.422,40.1701228941776,1007.335,936.35,1043.17,12.7029082234476,0.0401933546531672,1031.72
"432","Schmidt","F","MA","MA32",1011.795,20.2434588886825,1012.455,975.74,1036.79,6.40154378082176,0.0200074707709393,1036.79
"433","Schmidt","F","MA","MA33",1006.467,32.2450657896333,1016.03,939.52,1052.27,10.1967851197217,0.0320378768401083,1031.37
"434","Schmidt","F","MA","MA5",1017.319,42.2087101200688,1033.36,928.93,1054.36,13.3475661077217,0.0414901423447992,1033.48
"435","Schmidt","F","MA","MA6",1023.637,30.0395099272053,1019.36,983.5,1066.63,9.49932711652077,0.0293458617920272,1066.45
"436","Schmidt","F","MA","MA7",1031.221,38.1895801524738,1026.49,974.2,1117.08,12.0766056167378,0.0370333615708697,1032.08
"437","Schmidt","F","MA","MA9",1013.777,41.3530660021452,1022.43,946.74,1100.48,13.0769876798052,0.0407910871938752,1031.1
"438","Schmidt","F","MU","MU1",974.903,53.640065260131,981.625,864.66,1044.79,16.9624780062086,0.0550209254255357,965.97
"439","Schmidt","F","MU","MU10",992.388,44.0749275665883,995.59,920.16,1064.22,13.9377158817362,0.0444129993173922,985.7
"440","Schmidt","F","MU","MU11",999.229,19.3903609788185,998.24,970.07,1025.71,6.13177053459185,0.0194053224824525,990.67
"441","Schmidt","F","MU","MU12",998.278,35.3038517885954,1007.81,927.46,1037.65,11.1640581828971,0.0353647498879024,1015.22
"442","Schmidt","F","MU","MU13",989.062,50.9831520755196,1004.695,881.61,1056.95,16.1222882853383,0.0515469728647138,1003.12
"443","Schmidt","F","MU","MU14",992.229,39.5728465968494,981.225,961.2,1091.02,12.5140328742487,0.0398827756463976,1000.07
"444","Schmidt","F","MU","MU15",1004.226,47.4603999140336,1016.035,883.24,1051.8,15.0082962390806,0.0472606762960067,1025.16
"445","Schmidt","F","MU","MU16",1017.58,27.8889297033788,1017.03,971.16,1067.39,8.8192539367001,0.0274071126627673,1023.62
"446","Schmidt","F","MU","MU17",988.79,28.184047497358,991.8,929.11,1030.06,8.91257837740198,0.0285035725455941,1030.06
"447","Schmidt","F","MU","MU18",999.036,17.1645042003678,1004.185,968.03,1015.54,5.42789281806894,0.0171810667487136,986.34
"448","Schmidt","F","MU","MU19",1021.381,27.1191926502246,1024.18,969.84,1061.06,8.57584170796079,0.0265514951327905,1061.06
"449","Schmidt","F","MU","MU2",1017.74142857143,25.808414279437,1018.08,984.27,1066.53,9.75466370233122,0.0253585179446448,1023.6
"450","Schmidt","F","MU","MU20",1027.002,29.3422474334269,1022.3,991.88,1072.89,9.27883335578588,0.0285707792520627,1018.31
"451","Schmidt","F","MU","MU3",1004.094,24.2856927245469,1010.44,964.26,1045.87,7.67981035645484,0.0241866724873835,1018.74
"452","Schmidt","F","MU","MU4",1025.199,21.9899004343155,1026.705,975.77,1048.8,6.95381708927629,0.0214493970773631,1047.07
"453","Schmidt","F","MU","MU5",1003.984,26.9546583069503,1015.435,947.48,1038.17,8.5238113801541,0.0268476970817765,1016.96
"454","Schmidt","F","MU","MU6",1010.437,24.8608728951964,1007.825,984.63,1067.93,7.86169829687652,0.0246040801110771,984.63
"455","Schmidt","F","MU","MU7",1008.638,26.2650243987449,1003.475,980.68,1069.07,8.30572998999285,0.0260400901004572,985.64
"456","Schmidt","F","MU","MU8",1004.31111111111,25.5936195390787,995.75,975.68,1044.73,8.53120651302624,0.0254837562344236,995.75
"457","Schmidt","F","MU","MU9",1017.75545454545,21.8755271313111,1026.07,980.59,1042.58,6.59571959870895,0.0214938932860655,1010.3
"458","Schmidt","F","RE","RE10",1050.0722741,17.3625261797204,1045.475773,1025.815815,1077.927802,5.49051286622184,0.0165346011012447,1050.083023
"459","Schmidt","F","RE","RE11",1044.55142269,43.4067810162987,1061.0987135,980.2820819,1092.054117,13.7264293907662,0.0415554275963884,1081.763065
"460","Schmidt","F","RE","RE12",1009.00305761,29.5746274591818,1006.124449,974.0626148,1071.215582,9.35231837219729,0.0293107411678558,1014.178525
"461","Schmidt","F","RE","RE13",1034.78650295714,30.1802042175737,1048.169769,987.6736757,1063.787155,11.4070449824061,0.0291656338107685,1063.787155
"462","Schmidt","F","RE","RE15",1025.70358353,21.6614373288715,1027.954481,985.4444163,1054.016671,6.84994793522279,0.021118613288181,985.4444163
"463","Schmidt","F","RE","RE16",1042.75353038,38.1620728489074,1041.4157445,971.2935968,1098.56995,12.0679070435818,0.0365974045995321,1037.355407
"464","Schmidt","F","RE","RE17",997.289421475,65.8172714951563,995.7606267,875.5181871,1088.433008,23.2699194967105,0.0659961592671985,979.6008853
"465","Schmidt","F","RE","RE18",1029.17035553,44.1229616751576,1028.6470405,962.893732,1088.433008,13.9529056005816,0.0428723597002901,1021.534081
"466","Schmidt","F","RE","RE2",1066.4054311,43.8485415752704,1083.446409,968.585423,1123.620446,13.8661263454442,0.0411180778871695,1084.487094
"467","Schmidt","F","RE","RE3",1031.72288288333,20.9707956091362,1039.9067195,993.3403203,1048.169769,8.56129145709693,0.020325996405672,993.3403203
"468","Schmidt","F","RE","RE4",1065.33205435,37.1838083478288,1060.75351,985.6251425,1126.949866,11.7585526458321,0.0349034915414387,1062.200463
"469","Schmidt","F","RE","RE5",1020.1525965,26.2501475283669,1025.21473,985.9597915,1054.140095,11.7394228585653,0.0257315891940358,985.9597915
"470","Schmidt","F","RE","RE6",1035.85016979,28.4546248942704,1043.1730525,988.3931849,1068.256209,8.99814246316224,0.0274698269345644,1041.386215
"471","Schmidt","F","RE","RE7",1055.3083269,32.0494422972945,1056.291952,1010.253798,1095.056668,10.134923539759,0.0303697426433095,1066.23467
"472","Schmidt","F","UM","UM13",1028.769,30.188907620736,1025.07,994.17,1089.53,9.54657081539404,0.0293446902275788,1002.6
"473","Schmidt","F","UM","UM17",1013.222,37.4093567618228,1007.03,952.13,1091.4,11.8298773169181,0.0369211848556612,1021.6
"474","Schmidt","F","UM","UM18",1034.957,23.8007871251725,1031.825,1001.25,1081.05,7.52646974203562,0.0229968850156794,1030.49
"475","Schmidt","F","UM","UM2",978.85657141,32.1433614835686,985.59604975,921.1864211,1027.853562,10.1646233942206,0.0328376622504229,936.1562263
"476","Schmidt","F","UM","UM20",1046.44166666667,22.067918267627,1049.675,1012.18,1077.57,9.00918990685498,0.0210885317075744,1077.57
"477","Schmidt","F","UM","UM21",946.7728451,66.7565549124478,955.79874115,803.8712096,1029.180222,21.1102762269437,0.0705095792068232,1024.00545
"478","Schmidt","F","UM","UM22",1014.02179627,58.9131416483242,1021.0979535,866.1918273,1066.832968,18.6299711724831,0.0580984963686497,1010.151076
"479","Schmidt","F","UM","UM23",1018.64314685,29.9579646466126,1016.6854025,984.9036111,1081.900503,9.4735402346097,0.0294096757429263,1023.165673
"480","Schmidt","F","UM","UM25",1026.46362613,26.1840166286039,1031.3083865,980.6169748,1065.52121,8.28011308381114,0.0255089571243002,1036.245494
"481","Schmidt","F","UM","UM28",1006.31440107,33.4855765522125,1007.7640165,957.8491773,1059.002398,10.589069066892,0.0332754619397355,999.1872025
"482","Schmidt","F","UM","UM29",1012.47171811,14.6435541822516,1017.7948275,985.2683728,1028.847588,4.63069842559993,0.014463173558652,993.3403203
"483","Schmidt","F","UM","UM4",1004.85939335,26.398480874285,1017.0309205,958.4036327,1034.671952,8.34793263311336,0.0262708206232493,1025.590827
"484","Schmidt","F","UM","UM5",984.121841,27.1355531974799,988.77459495,931.3909358,1018.016619,8.58101536727012,0.0275733675109847,966.1822934
"485","Schmidt","F","UM","UM7",1042.971,22.4565558109183,1044.425,985.99,1069.32,7.10138647651913,0.0215313329046717,1057.07
"486","Schmidt","F","UM","UM9",1011.92887062,19.3844273467898,1015.76265,977.3135947,1033.263908,6.12989415539103,0.0191559188689943,1023.787628
"487","Schmidt","F","VA","VA11",1027.03502458,25.1858279181733,1026.964174,979.4285354,1060.590954,7.96445809784846,0.0245228520112768,1050.924871
"488","Schmidt","F","VA","VA15",1031.8502018,19.2880852988938,1034.265123,1005.158789,1060.585112,6.09942812481141,0.0186927184442538,1014.825829
"489","Schmidt","F","VA","VA18",999.11365959,30.0773796188355,988.84354995,960.465074,1058.807867,9.51130256450471,0.0301040620655493,980.3958319
"490","Schmidt","F","VA","VA22",977.93309632,25.0185825545695,984.67174595,943.0792119,1014.572452,7.91157047013934,0.0255831228626124,992.4433848
"491","Schmidt","F","VA","VA26",946.32613939,61.4492705494699,950.00692335,826.4975741,1034.330602,19.4319655492231,0.0649345590190291,979.7653009
"492","Schmidt","F","VA","VA30",1026.61296277,35.8260989436229,1022.679641,957.0581592,1069.623982,11.3292072340401,0.0348973763656336,1060.385029
"493","Schmidt","F","VA","VA34",987.30597218,33.4061087845303,983.0765383,938.311116,1051.668851,10.5639391522475,0.0338356190743672,1002.962217
"494","Schmidt","F","VA","VA35",1013.16558132,25.2443952447417,1021.9743025,963.840664,1050.938135,7.98297871269075,0.0249163569214936,992.6275177
"495","Schmidt","F","VA","VA44",1061.493278125,16.2090754497843,1061.5736335,1040.783705,1087.771129,5.73077358365342,0.0152700688584818,1087.771129
"496","Schmidt","F","VA","VA46",1031.16679506,37.5441378165608,1019.899877,986.4953076,1114.470579,11.8724988287593,0.036409374309203,1024.413741
"497","Schmidt","F","VA","VA47",1008.10373994,21.5276162679316,1014.444775,974.9081499,1039.439073,6.80763000007573,0.0213545644312487,1015.085245
"498","Schmidt","F","VA","VA48",1015.18311489,50.9067410947415,1039.096142,883.1798548,1049.298066,16.0981250115877,0.0501453780584772,1043.169386
"499","Schmidt","F","VA","VA55",1023.27445007,42.1599018569364,1024.187006,943.1711751,1081.684316,13.3321315797081,0.0412009718937597,1081.684316
"500","Schmidt","F","VA","VA57",1021.26270794,25.5967113960413,1019.483411,978.4476194,1061.094644,8.09439086214788,0.0250637874045873,1009.233785
"501","Schmidt","F","VA","VA66",1038.81102266,23.6546319011782,1042.7320475,999.7559126,1066.844582,7.4802514020602,0.0227708711066693,1056.60556
"502","Schmidt","F","VA","VA67",974.54339425,32.8038617812339,965.81077805,928.3495342,1032.917595,10.3734919278047,0.0336607502290644,983.1281861
"503","Schmidt","F","VA","VA71",1029.09589049,27.9475271992274,1030.2177155,970.2964759,1075.338396,8.8377840919065,0.0271573596372252,1026.190183
"504","Schmidt","F","YE","YE11",973.86,41.5827408107418,970.05,915.34,1042.44,15.7167987168113,0.0426988897898485,970.05
"505","Schmidt","F","YE","YE13",978.059,42.6553189206484,977.62,901.23,1042.02,13.4887962110124,0.0436122145194189,995.64
"506","Schmidt","F","YE","YE14",1037.928,21.725261691302,1037.485,1001.71,1075.81,6.87013097077163,0.0209313764454779,1058.26
"507","Schmidt","F","YE","YE15",1046.60428571429,20.5091921319383,1045.69,1019.78,1076.1,7.75174599599305,0.0195959374635479,1076.1
"508","Schmidt","F","YE","YE19",985.54,33.0951087356156,995.535,908.15,1016.62,10.4655923015481,0.0335806854471819,999.68
"509","Schmidt","F","YE","YE20",1023.127,31.4842740462953,1018.75,984.57,1076.92,9.95620164632186,0.0307725962136619,1076.92
"510","Schmidt","F","YE","YE21",1018.273,20.4876293569233,1016.095,984.26,1047.24,6.47875726252085,0.0201199770168936,1006.52
"511","Schmidt","F","YE","YE22",1021.1,54.610399091097,1030.96,900.45,1104.67,17.2693245058656,0.0534819303604906,1036.57
"512","Schmidt","F","YE","YE23",1014.202,56.6563837336781,1028.985,912.29,1103.71,17.9163216586937,0.0558630171639161,1047.08
"513","Schmidt","F","YE","YE24",1050.89375,16.1633332289918,1048.235,1027,1082.44,5.71460126639896,0.015380558909016,1051.51
"514","Schmidt","F","YE","YE26",1024.94428571429,23.8616727949117,1023.29,993.99,1059.7,9.01886458304742,0.023280946220684,1059.7
"515","Schmidt","F","YE","YE27",1031.25,19.1716776058388,1027.6,1000.49,1062.37,6.06261678008945,0.0185907176783891,1026.89
"516","Schmidt","F","YE","YE33",961.49,113.489994664239,991.81,658.3,1050.96,35.888687477935,0.118035543442198,1027.53
"517","Schmidt","F","YE","YE40",1064.445,17.4438192082878,1071.415,1032.6,1081.19,6.16732142598623,0.0163877130413387,1078.67
"518","Schmidt","F","YE","YE41",1004.434,20.8313194759984,1005.245,960.56,1037.72,6.58744162107803,0.0207393611486653,1015.01
"519","Schmidt","F","YE","YE48",981.689,43.8766393046079,980.7,906.28,1047.1,13.8750116276227,0.0446950503719691,1047.1
"520","Schmidt","F","YE","YE49",953.204,33.8561821697472,961.88,893.87,993.39,10.7062648533983,0.0355182963665147,949.39
"521","Schmidt","F","YE","YE51",1039.64,42.6961458057594,1050.68,944.72,1070.32,16.137626248999,0.0410682022678614,1045.97
"522","Schmidt","F","YE","YE69",981.205,49.5493189212077,988.635,872.68,1061.11,15.6688704301094,0.0504984370454775,1007
"523","Schmidt","F","YE","YE80",1014.87,31.1437252463835,1010.77,959.72,1051.45,9.84851066010604,0.030687403555513,1051.45
