Population,Line,CCRT_F,CCRT_M,CSM_F,CSM_M,DT_A_F,DT_A_M,DT_P_NA,Dia_F,DW_F,DW_M,Fec_F,HSM_F,HSM_M,LS_F,LS_M,LA_Activity_B,LA_CircPhase_B,LA_NDlog2_B,LA_Period_B,Pgm_T4_F,Pgm_T5_F,Pgm_T6_F,Pgm_Total_F,SR_F,SR_M,TL_F,TL_M,Via_NA,WA_L_F,WA_L_M,WA_R_F,WA_R_M
YE,YE11,1740.780147,1830.576355,1.327562609,1.196398512,235.4731605,239.1485776,144.083246,0.97333395,0.419274073,0.226008376,56.7085148,288.5786718,261.6935422,41.36082785,39.98468549,31.56564087,12.83222118,0.013851778,24.10622603,0.428771499,0.501624826,0.631866803,0.524979511,76.46131862,49.81253092,986.5295463,854.372792,0.610406932,2829.459586,2437.488691,2838.886091,2456.541991
YE,YE13,1781.788691,1656.55067,1.226038789,1.158426267,226.772595,230.1101179,132.163246,0.844711425,0.448940507,0.263239911,62.46031803,359.6436977,346.8131464,47.45551036,50.05945963,38.87564087,12.73422118,0.139851778,24.14122603,0.45321084,0.585045303,0.681487249,0.561508665,81.60248643,62.42084587,963.0335573,827.5689634,0.900836616,2853.720957,2450.399834,2848.772317,2457.101066
YE,YE14,1671.897415,1657.121166,0.982446066,0.999653328,225.1444302,225.8183741,127.666246,1.781549169,0.439679576,0.256488444,58.15972617,365.1005135,332.2399219,41.47025,51.00944855,41.75564087,12.77722118,-0.068148222,24.08722603,0.427710464,0.378072778,0.311215593,0.394110378,65.89597586,55.07399744,985.2989211,833.8413143,0.884919978,2736.097442,2392.328557,2736.519656,2391.013954
YE,YE15,1362.911245,1652.728506,1.33034486,1.305624416,225.2086293,229.9095695,134.133246,1.634382014,0.445939772,0.258796375,61.72849091,351.976343,318.0791226,43.81979382,46.66906348,43.47564087,12.83222118,-0.018148222,24.10522603,0.463826506,0.527464082,0.497632455,0.513084886,80.48212407,53.36894195,1014.577143,841.616792,0.860619503,2877.534977,2453.582925,2878.922639,2454.841042
YE,YE19,1472.411407,1779.762271,1.267545977,1.302668767,222.2044712,228.1960801,147.718246,2.22901089,0.421563421,0.22192525,57.29023559,366.701416,311.6188049,49.25733343,49.89907314,43.76264087,12.85122118,-0.012148222,24.03122603,0.446928097,0.586169808,0.765225382,0.604331456,81.87580483,55.83780116,980.3120082,843.8053525,0.899402854,2841.394002,2418.462168,2841.996908,2424.043197
YE,YE20,1591.951376,1699.020746,1.233099952,1.077373832,224.5176382,228.0411374,133.884246,1.891909426,0.448106844,0.248156857,33.11559055,331.8455135,321.1489219,45.64925,45.35544855,42.89864087,12.83422118,0.005851778,24.10022603,0.414280236,0.63900488,0.770421208,0.613512784,74.97999202,52.45362263,968.0947118,810.2710118,0.708077345,2825.878625,2458.564073,2830.409629,2458.450938
YE,YE21,1708.446733,1633.440916,1.114702308,1.034645823,226.4919627,230.5007757,135.402246,1.557671219,0.481358902,0.250933621,30.85343639,375.153905,323.8236596,46.29862192,47.84171569,33.62364087,12.82922118,0.393851778,24.07622603,0.513671243,0.72664192,0.839402234,0.679711711,84.71548467,56.23001096,1016.394192,NA,0.685812247,2876.351226,2510.697654,2876.712014,2506.150189
YE,YE22,1709.371074,1695.337405,1.239633267,1.287283855,223.4336547,229.7818601,121.594246,1.920038865,0.437205959,0.243447421,74.49373373,318.8367846,198.2395452,49.73966042,50.84434677,25.89964087,12.84922118,-0.313148222,24.10122603,0.536397938,0.719573296,0.863432151,0.700307219,82.27475243,58.36532006,977.765273,824.9820118,0.834743869,2819.703552,2445.154113,2819.964761,2446.377754
YE,YE23,1795.400254,2016.186321,1.190551424,1.308859887,223.6788219,231.6503683,137.315246,1.785410359,0.456385032,0.23963245,69.54863292,309.8157673,263.4534756,47.46634403,46.05064982,NA,NA,NA,NA,0.552991652,0.674202034,0.666838682,0.633361417,70.40621405,50.23922155,1013.235192,NA,0.770855766,2786.442256,2443.374941,2785.805529,2442.835404
YE,YE24,1558.837872,1623.848154,1.132746851,0.987120106,232.5192192,236.5691188,125.844246,1.666573565,0.459140832,0.268054736,84.19412878,363.3612121,344.9777536,44.96765761,46.06956926,29.76364087,12.79622118,0.160851778,24.09522603,0.482410031,0.625873399,0.666341601,0.596603332,78.84304761,61.99517362,1040.020192,NA,0.804893826,2817.323848,2466.142236,2818.755644,2468.253251
YE,YE26,1569.518008,1611.529405,1.192689527,1.18620677,227.5661777,236.6907067,144.247246,1.688042215,0.43898328,0.256747601,37.35147773,350.4562343,324.2492529,47.44858138,49.19550787,40.65164087,12.85022118,0.027851778,24.08922603,0.485711819,0.582243147,0.646884658,0.570841588,84.7561686,62.19904797,999.5394608,860.6570118,0.68349853,2797.687226,2422.384654,2794.581014,2420.041189
YE,YE27,1457.183315,1784.241803,1.071756116,1.157058346,225.6872705,228.6687588,139.484246,1.431216904,0.476028386,0.288421461,46.10768758,332.1825135,295.8559219,37.95625,44.24744855,31.95264087,12.91622118,0.112851778,24.10922603,0.493716999,0.563499899,0.638121263,0.565340647,82.45968093,62.54940981,1004.716832,878.2050118,0.784868528,2891.446226,2525.573654,2889.808014,2522.764189
YE,YE33,1755.847332,1694.216121,1.140509562,1.228058249,229.6327744,236.8523653,151.350246,2.207085485,0.505117611,0.263782293,62.10958595,324.6778658,244.123755,45.31355951,48.47846526,39.16164087,12.87522118,0.058851778,24.06222603,0.440459982,0.501886062,0.449058144,0.478421396,104.1140824,62.20116518,972.8785529,866.2260118,0.796958931,2809.942311,2464.179826,2809.236693,2464.670653
YE,YE40,1766.914643,1696.542107,1.116613382,1.325789283,224.3934307,228.0587154,124.973246,0.634193478,0.429704872,0.254007944,103.579877,303.8725821,224.4324459,50.91104181,46.84962896,38.23764087,12.79822118,0.119851778,24.08822603,0.468831633,0.669523656,0.715714192,0.621211334,81.12281456,60.11977919,1006.82567,850.4500118,0.919108002,2862.859004,2503.957828,2865.094973,2504.623534
YE,YE41,1491.78172,1676.063513,1.438006094,1.223384434,225.2076643,230.6798039,131.109246,1.725086229,0.437028992,0.253426003,45.37559208,368.7005135,305.5149219,41.66025,48.12544855,31.77364087,12.85022118,-0.012148222,24.13222603,0.419693429,0.426518516,0.392344697,0.431212952,77.72164022,56.25812798,1005.655192,NA,0.742200778,2809.557735,2451.127394,2813.690247,2450.48599
YE,YE48,1833.330289,1720.08069,1.094779515,1.135245126,228.0688729,235.2367438,131.524246,1.012143707,0.405817859,0.241783889,66.11580296,335.4191191,330.5612987,49.26636234,44.70603577,29.94064087,12.90622118,0.060851778,24.10222603,0.519086954,0.677750087,0.827117724,0.676281736,74.5183315,60.63680317,980.8776124,858.6760118,0.89393118,2791.593226,2392.657654,2797.814014,2393.041189
YE,YE49,1823.435724,1752.562241,1.159486696,1.212420378,223.7138497,229.4629217,132.729246,2.099377867,0.435544555,0.254096563,34.84469847,394.3905135,357.5529219,44.29125,49.29044855,22.66164087,12.77922118,0.420851778,24.11222603,0.448772993,0.604419545,0.640006972,0.564475718,81.82773322,58.30939168,962.59676,850.9540118,0.903291391,2796.06924,2411.881077,2799.225943,2415.677643
YE,YE51,1950.52411,1764.230623,1.222107494,1.189532847,220.0691822,223.3028436,136.591246,2.254565397,0.454769587,0.254182561,53.29975267,353.3447058,290.4187102,47.66035504,43.79583877,34.24664087,12.75822118,0.125851778,24.07422603,0.443093357,0.462447328,0.354757884,0.441511662,78.67565129,51.8748869,995.0284922,861.5040118,0.80151374,2762.414667,2387.926144,2758.867592,2392.852423
YE,YE69,1695.838762,1654.897513,1.387274529,1.265743765,226.495626,232.2969875,133.617246,0.933117784,0.463854101,0.275758809,52.02689068,364.4613728,342.9851999,46.57230344,47.12227719,30.62264087,12.80322118,-0.142148222,24.09722603,0.39595382,0.487511965,0.54615697,0.487006295,87.29897428,61.59099991,987.629192,NA,0.893566186,2838.624958,2452.095109,2839.700193,2453.028956
YE,YE80,1507.935012,1596.565201,1.189477511,1.050280451,225.6099263,228.7258967,138.574246,0.975823358,0.499131665,0.275678671,70.22589078,353.5479364,294.4202237,49.99666956,50.78076526,29.52564087,12.84522118,-0.279148222,24.08122603,0.51123485,0.743882255,0.759786287,0.660682158,88.06330859,66.90859911,992.0799713,848.3510118,0.836873634,2821.212734,2445.55587,2824.837389,2445.440735
RE,RE1,1557.269587,1383.19644,1.042279513,0.9619523,228.359603,231.5537068,NA,NA,0.490778745,0.273866226,47.57528468,NA,NA,40.1853125,42.2395,NA,NA,NA,NA,0.533219789,0.536401837,0.64015974,0.57475053,86.08646146,62.7574621,973.3755235,868.1598879,0.880979848,2923.693086,2515.54353,2920.932341,2519.465963
RE,RE10,1547.910726,1481.723114,1.074510286,1.095789056,236.0361234,238.7643876,145.9867591,1.432534702,0.46774784,0.281191502,63.74985824,274.5075516,250.4907483,44.79752831,51.53614395,45.21996078,12.88966119,-0.124066483,24.12212905,0.445595408,0.476906718,0.595405308,0.517386612,84.42400377,64.21128097,1008.182911,866.0888879,1.022287649,2960.79316,2546.262888,2963.023898,2549.428676
RE,RE11,1634.017901,1546.89299,1.135811426,1.02726042,240.6573458,243.7957803,143.4497591,1.260955754,0.464840559,0.264238394,90.28417126,370.1149906,299.7774871,45.62477134,53.69877429,40.10296078,12.94866119,-0.294066483,24.08012905,0.544487561,0.780594652,0.86925275,0.710211606,87.13938688,67.05898326,1006.056396,878.3988879,1.003575712,2904.706876,2530.927445,2905.8556,2529.902501
RE,RE12,1565.844932,1539.495805,1.179647052,1.056532187,229.2855069,232.3165735,121.3657591,1.119156286,0.488717128,0.256184961,29.36387696,341.9471728,259.8160104,44.33048158,54.04927905,NA,NA,NA,NA,0.497226942,0.686806595,0.844914559,0.669195725,99.40113287,69.21791329,966.2046733,828.4978879,0.8529242,2895.477507,2539.810821,2898.278293,2541.051207
RE,RE13,1591.330861,1572.867427,1.183983149,1.023607691,244.7395322,244.3921231,149.2637591,1.457840641,0.519517172,0.296454077,49.64474519,346.0842307,278.5729648,48.37098559,50.97479927,NA,NA,NA,NA,0.392823944,0.670497541,0.815072678,0.624768381,98.92906843,73.6603437,984.3818129,828.1808879,0.932280656,2893.394472,2483.859305,2890.641234,2482.647068
RE,RE15,1779.34308,1607.090354,1.205771971,1.050068298,228.0660762,234.9628657,119.8237591,0.29742668,0.448644516,0.256639268,50.79311754,303.1793364,235.5749391,47.60973199,55.81633132,NA,NA,NA,NA,0.411621229,0.466410142,0.450509922,0.46540033,83.5694146,64.09509462,997.870225,858.2798879,0.986382977,2888.16516,2497.791888,2886.285898,2500.708676
RE,RE16,1459.590379,1620.195245,1.193371459,0.972235024,230.1908144,233.7513433,138.8687591,1.478261163,0.496272775,0.268536278,95.98633016,308.6381996,286.0077259,44.24012386,46.61877693,NA,NA,NA,NA,0.440085551,0.633300784,0.728924225,0.581656241,108.0980075,74.59922494,1004.263026,855.2518879,1.007227002,2906.721346,2521.477038,2908.79009,2519.340646
RE,RE17,1637.078187,1602.436989,1.033403027,0.859506366,239.9727067,245.6674447,163.4507591,0.939317335,0.466313615,0.262355066,52.81182195,362.5452646,337.9070912,42.44151829,45.00682465,NA,NA,NA,NA,0.44764846,0.562037793,0.640307822,0.565446607,88.16041511,62.08335956,986.5184044,847.5088879,0.892470411,2920.889047,2533.216725,2913.601033,2539.673308
RE,RE18,1362.15736,1564.137349,1.318660017,1.076886303,231.5851585,233.2651577,133.1577591,1.639641494,0.478932756,0.251834365,50.93709614,378.3941398,313.6407879,44.28350432,46.77431244,NA,NA,NA,NA,0.421342324,0.697909558,0.796683044,0.636952043,91.74134052,59.84483285,1030.861301,NA,0.963725581,2926.676814,2559.803751,2925.428796,2561.388207
RE,RE2,1438.888086,1548.444014,1.142969011,0.962739435,238.0245863,243.6389033,130.9497591,1.657722584,0.543800937,0.305501132,68.14370547,371.887801,313.3451104,46.24942488,42.72222032,36.21696078,12.89166119,-0.071066483,24.07412905,0.494709995,0.796765164,0.838936764,0.68576783,93.57430943,68.31827545,1030.893334,876.5718879,0.970065253,2990.510867,2617.174948,2993.85015,2622.600109
RE,RE3,1595.560565,1536.673363,1.168099334,1.15699812,247.4862918,252.5658107,121.6997591,2.222615708,0.490892439,0.267737937,35.89179702,327.9296085,235.688313,40.37336731,43.86249314,24.47796078,12.87666119,-0.637066483,24.07512905,0.399250954,0.413029898,0.386415823,0.422691857,95.000809,65.27685551,1004.150191,867.7508879,0.839241364,2877.026128,2494.964488,2888.572524,2508.566067
RE,RE4,1456.81096,1591.550817,1.217977098,0.932099984,228.7788839,234.1546927,128.6877591,1.457585681,0.475878011,0.256245193,49.54248762,369.432452,316.0097606,45.28128059,50.21041344,43.57096078,12.89666119,-0.221066483,24.10312905,0.442991118,0.521430952,0.63318014,0.538457951,84.68919068,58.21545329,1058.922301,NA,0.924509602,2965.643303,2544.585577,2988.376506,2549.042513
RE,RE5,1448.185049,1541.785111,1.169178089,0.982330835,236.3341053,236.2324719,134.2007591,2.19985729,0.456398435,0.2576192,72.72237176,368.1623783,362.6627206,52.37582406,53.4882207,NA,NA,NA,NA,0.443267296,0.525405458,0.652067933,0.538339149,82.63813572,59.80696645,1026.215301,NA,0.92037415,2921.302783,2519.647657,2927.694658,2522.642111
RE,RE6,1597.55374,1455.618686,1.011601604,0.98258757,245.3233466,248.2694486,149.9087591,1.176472625,0.479901431,0.262743708,72.15196846,383.6134404,343.5110935,46.91275042,46.4423425,45.57196078,12.93166119,-0.096066483,24.18012905,0.426765466,0.625229198,0.804771749,0.602405978,85.44097776,60.42336101,1015.7951,882.0508879,0.853236884,2981.894627,2589.091154,2982.440114,2598.632691
RE,RE7,1362.666487,1504.669706,1.139168034,0.975020527,245.5556361,248.6974404,121.7727591,1.95152493,0.491675472,0.296186296,74.6244161,377.5323377,342.6155091,41.82033622,48.60283719,41.44696078,12.90366119,-0.212066483,24.13312905,0.509873498,0.687983452,0.665474073,0.617659072,115.8198817,77.56704042,1006.849173,861.3858879,0.913381493,3016.907656,2602.354731,3020.344388,2603.871935
RE,RE8,1422.753198,1500.417792,1.203104877,1.000064573,249.2799186,253.7674867,126.4567591,1.596687552,0.464523902,0.275542077,91.69648762,372.2859327,253.7609294,42.38282988,42.9425287,43.86396078,12.88366119,-0.145066483,24.10612905,0.412375186,0.552611415,0.884951151,0.615669482,84.00225894,60.38859841,NA,NA,0.889575056,2938.784072,2555.146476,2942.145443,2557.415871
RE,RE9,1442.171334,1571.354169,1.027048043,0.745767654,NA,NA,NA,NA,NA,NA,NA,378.6231982,353.6940014,NA,NA,NA,NA,NA,NA,NA,NA,NA,NA,NA,NA,NA,NA,NA,NA,NA,NA,NA
GI,GI1,1491.175041,1721.778054,1.028004737,1.125625001,238.076261,248.1757379,161.5183916,-0.352621525,0.480501827,0.26914857,51.38562599,346.2246089,296.472208,43.67775432,46.75304482,43.67687934,13.26083479,-0.148829654,23.60372082,0.401010017,0.448086898,0.358597654,0.428759681,87.28458828,59.89239253,982.8233022,837.061049,0.966587813,2868.769487,2455.916875,2870.560743,2462.706541
GI,GI10,1542.489219,1822.371425,1.01409913,0.801203274,231.97387,238.3937997,137.6693916,1.540218427,0.460564784,0.26333963,65.60644788,367.1329832,295.5472125,48.21642236,50.95386777,NA,NA,NA,NA,0.481021384,0.43633697,0.388039186,0.46300123,93.60569813,67.77296398,1031.561656,NA,0.999441525,2854.620882,2484.949572,2857.339612,2487.282542
GI,GI11,1413.39105,1612.623157,1.184116665,0.987897653,232.2144312,239.9900074,137.3963916,0.816280459,0.420807745,0.246973591,50.41409138,348.9777246,287.0894524,48.49733106,46.17665537,NA,NA,NA,NA,0.435414823,0.502245551,0.544341393,0.515927519,88.89312617,53.85034887,963.1493529,843.7088907,0.935390075,2853.064605,2501.170844,2850.845454,2499.875691
GI,GI12,1423.807334,1656.086778,1.193953277,1.237654933,236.8133351,243.8811665,137.4803916,1.569643616,0.427946351,0.237573864,38.74781717,324.4817475,263.6933483,50.70118905,44.65672466,NA,NA,NA,NA,0.431314995,0.533943241,0.608633264,0.516528894,68.63417799,57.9994828,1005.991656,NA,0.808459878,2731.719302,2413.963793,2736.655601,2413.829206
GI,GI13,1432.495075,1760.546226,1.241786625,0.956455832,232.0378382,245.9621336,143.5323916,1.541819128,0.45770331,0.255943533,51.09074533,349.1043599,267.4383789,52.64185474,58.50736784,NA,NA,NA,NA,0.495060473,0.577270472,0.576330413,0.561073255,83.4455031,54.92523631,1032.427656,NA,0.915980981,2855.484302,2491.041793,2859.207601,2493.957206
GI,GI14,1275.464869,1700.080225,1.092014968,1.004952634,234.478248,244.1292686,156.1683916,0.022823976,0.493732275,0.279058121,69.39266113,282.022556,268.9668325,51.29037182,50.31738467,NA,NA,NA,NA,0.407841339,0.449555468,0.480370305,0.44835196,109.9319743,69.97536592,993.7670075,837.7838907,0.760841299,2901.304684,2539.74609,2900.338734,2536.694729
GI,GI15,1527.781315,1817.449897,1.267079809,1.185746689,230.677407,236.0366502,139.7663916,1.083440253,0.443887769,0.259798026,57.94087303,340.4519268,274.9248881,54.13818905,53.08872466,NA,NA,NA,NA,0.458804318,0.717710397,0.844303585,0.658043021,99.90926819,64.90773563,997.0669106,823.9008907,0.854713359,2876.654302,2518.464793,2886.184601,2522.264206
GI,GI2,1486.625361,1837.525396,1.2477205,1.168832716,225.2107288,228.8217639,127.3163916,1.976219748,0.436363005,0.255974496,56.29688062,349.2750841,298.8410408,50.22476201,48.62869106,25.56587934,13.21083479,-0.059829654,23.62072082,0.456340745,0.601969698,0.650496008,0.564700702,91.88112693,62.37141395,967.6657744,810.3117829,0.918619802,2841.119238,2459.035963,2844.747587,2463.231852
GI,GI3,1432.709957,1661.875514,1.088487545,1.099128329,226.8192045,233.4553472,140.1153916,2.09529789,0.440749719,0.259177844,54.55601117,349.5186907,306.3475501,49.28353524,48.71078684,33.52987934,13.22383479,-0.290829654,23.62972082,0.355966013,0.457302012,0.45161085,0.442967526,83.14512698,60.72979118,966.8949115,824.8552062,1.001995128,2764.686896,2409.047414,2771.694207,2408.417979
GI,GI4,1841.065504,1916.603974,1.130702646,0.986013062,226.6360208,231.2190419,NA,1.121248601,0.440288324,0.240461241,65.05198371,323.9327886,254.0045071,44.07805234,44.2834601,31.68487934,13.20583479,-0.594829654,23.59572082,0.382269606,0.435573081,0.604539929,0.466761817,93.0165686,60.27648496,969.7435607,832.6624713,0.819333732,2794.920265,2450.887336,2794.925109,2450.268494
GI,GI5,1474.260473,1732.529966,1.294045097,0.959708391,224.4297411,229.3380655,127.9043916,-0.639790558,0.469940675,0.272951849,58.01522742,303.2373572,236.620756,43.44054843,38.42229717,39.36287934,13.32583479,-0.162829654,23.60372082,0.421394222,0.68201073,0.842343165,0.645467151,96.47776784,64.80317219,990.1085457,820.9564713,0.807344821,2886.50282,2487.10826,2884.217244,2484.231045
GI,GI6,1431.421869,1751.446225,0.812866471,1.006536367,238.316835,243.896744,NA,1.332211446,0.476077715,0.254721695,57.2630637,337.201556,298.2848325,56.5679749,54.53796278,35.09787934,13.15783479,-0.329829654,23.55372082,0.433541025,0.579609395,0.902575877,0.63556769,86.59276125,62.76731238,956.3165572,844.1118907,0.936866702,2759.224021,2481.880238,2762.953991,2482.816632
GI,GI7,1551.69291,1837.947122,1.033051055,0.771126913,230.041641,238.8627977,156.1683916,2.28057636,0.451132655,0.270206538,65.66976868,345.3616943,307.4252153,48.51952591,51.681055,31.17587934,13.13883479,-0.777829654,23.60972082,0.468669807,0.55640675,0.71214464,0.570843218,86.20290298,65.71226599,1030.516656,NA,0.968720682,2627.62548,2463.051793,2641.235999,2463.545206
GI,GI8,1530.928307,1756.348287,1.107896128,1.07163405,229.9085582,237.3205936,141.1923916,0.793667367,0.448351176,0.259305207,78.06484929,315.1760713,264.8089197,49.27881155,46.75788934,38.67687934,13.27683479,-0.175829654,23.58572082,0.444368423,0.528935454,0.453752764,0.493513425,88.68202118,70.9082737,994.1888518,834.7068907,0.943874958,2680.098152,2471.056399,2697.759327,2473.100455
GI,GI9,1771.702674,1871.235822,1.154282945,1.136002835,231.5099265,239.6033212,119.2633916,2.295297128,0.48323709,0.262189292,79.37810623,312.3564307,255.0686669,50.58346795,59.17767913,29.53187934,13.21283479,-0.328829654,23.59372082,0.445615121,0.559321443,0.577623801,0.527176437,100.5939582,75.06305703,966.3248136,821.5598907,0.911244844,2704.86051,2455.520468,2712.379221,2453.178603
MU,MU1,1338.81444,1564.619542,1.195997265,0.994418396,231.1288222,234.4223921,140.8539031,2.057383938,0.422839901,0.268338911,64.51253595,319.3501837,338.5016629,48.92687113,56.28641857,11.89237458,12.28281589,NA,23.77448849,0.528345619,0.727893443,0.761073968,0.662150861,91.17034543,77.0924723,947.1945635,811.9204984,1.042860329,2849.319341,2493.489888,2853.183091,2505.938722
MU,MU10,1740.599255,1678.670762,1.212078249,1.170968669,239.7458045,247.2654809,130.5699031,2.173090839,0.41690372,0.246710062,75.80680893,380.4042593,343.0164756,48.69016861,54.52267939,29.54837458,12.26481589,0.269470861,23.83448849,0.428484145,0.611394995,0.63875336,0.559651127,85.82414186,61.48669354,995.1614445,NA,1.083694444,2872.818128,2483.852727,2872.332507,2484.027886
MU,MU11,1702.698336,1707.580817,1.201006451,1.0845673,230.4010289,236.9426157,144.5869031,2.318548593,0.448292381,0.263872554,66.86266443,366.6983417,306.3852566,50.4856645,54.16314474,NA,NA,NA,NA,0.412941181,0.540478881,0.612865485,0.525823179,104.8249399,79.35940905,950.2775041,799.7634506,0.899960288,2745.561944,2402.491208,2748.144736,2399.727182
MU,MU12,1462.174392,1646.768935,1.187166334,1.023496604,222.583027,230.309548,118.9659031,2.664539058,0.496208418,0.29281087,70.45618858,344.3492838,325.2179402,43.3335,49.686,NA,NA,NA,NA,0.423676181,0.609422681,0.589971707,0.552915828,110.2665094,76.84099086,989.4526204,867.3524506,1.104417615,2883.469358,2489.176335,2882.457055,2485.407985
MU,MU13,1566.586293,1604.983388,1.151729213,1.127117291,238.2092531,243.2279137,119.3889031,2.398470568,0.424365309,0.260807465,47.84045448,349.1252838,310.1159402,37.6915,44.873,NA,NA,NA,NA,0.46288113,0.526365295,0.510734001,0.517392142,85.64206116,63.29724027,952.2666152,791.3654506,0.975496914,2821.332879,2476.847772,2829.697609,2476.497441
MU,MU14,1739.120952,1663.66165,1.013460955,0.89283767,242.0440158,245.6915297,141.0819031,1.873355349,0.475875672,0.269497063,81.9265117,382.9281181,368.6027368,49.30789371,57.09989958,NA,NA,NA,NA,0.532468509,0.732131176,0.723480797,0.652120635,111.0990226,79.87575216,973.2975042,858.6814506,0.985569561,2890.574622,2506.595867,2888.680575,2509.175109
MU,MU15,1564.01065,1654.880924,1.18437331,1.016851526,242.9812381,245.9236531,133.8289031,0.878009251,0.485169822,0.261142685,63.96255044,385.8051371,293.6734944,51.85596243,55.39279418,NA,NA,NA,NA,0.485456478,0.632419423,0.62160119,0.58607017,119.7431386,88.38659573,973.7685217,845.1774506,1.051938343,2886.440128,2504.524727,2883.419507,2501.857886
MU,MU16,1611.256029,1615.125997,1.191616939,1.098077964,227.5927235,230.4097145,147.0689031,1.308419695,0.439003608,0.263626174,71.62945448,312.5972838,324.0519402,39.8385,51.577,NA,NA,NA,NA,0.466493903,0.551294917,0.472610939,0.506720971,92.5837145,77.90318754,986.7946805,847.9464506,1.06220203,2806.586857,2451.378285,2806.708686,2449.753256
MU,MU17,1634.280983,1751.099141,1.398310839,1.078929469,229.4950701,236.5336198,122.4169031,2.527216404,0.484807842,0.271689543,100.3158123,342.4007152,361.0592585,46.1351516,50.14605565,NA,NA,NA,NA,0.466424518,0.58017247,0.584455097,0.551346993,106.007626,77.47809125,986.9514565,863.1964506,1.024930858,2861.428043,2498.34197,2861.169596,2498.85223
MU,MU18,1695.768167,1669.490446,1.074575689,1.080043223,228.1913911,231.8934891,147.5129031,2.677590187,0.474408978,0.26997659,58.8615969,397.9154376,322.048403,49.52058397,58.71544589,NA,NA,NA,NA,0.511666834,0.637859437,0.774373609,0.639544289,96.80113255,72.39138585,977.2058388,853.6194506,1.096970862,2804.476843,2434.68,2806.928914,2434.242765
MU,MU19,1674.281856,1709.623057,1.274086627,0.991640771,224.6201829,229.7610192,125.9469031,2.197560129,0.505005658,0.269509166,71.8122414,337.0002838,314.0989402,38.0905,48.139,NA,NA,NA,NA,0.458130657,0.488347565,0.418572807,0.472478597,113.2590398,73.5544821,1017.660444,NA,0.975175118,2909.75568,2496.060883,2911.181772,2500.135183
MU,MU2,1537.586252,1750.73867,1.07062128,1.133512581,221.6904534,228.7765912,128.4479031,1.834301967,0.454456965,0.271392543,92.29951206,340.4246042,324.7364957,50.31914893,59.421009,25.70537458,12.29281589,-0.142529139,23.82748849,0.518956731,0.58747699,0.48292851,0.546015851,98.78775837,70.87282562,990.6732743,851.1761861,1.076635622,2840.008405,2454.919382,2845.09979,2456.035308
MU,MU20,1653.307567,1874.035704,1.291176571,1.235151136,224.5997848,230.0681676,117.8969031,2.321978977,0.477798735,0.266849181,55.24183373,373.8519833,300.5557996,47.09215203,48.09151676,NA,NA,NA,NA,0.452725696,0.672628915,0.748891435,0.615235443,110.9834179,78.14223423,1001.034347,858.3424506,0.955379389,2938.298128,2515.736727,2938.571507,2517.570886
MU,MU3,1796.69276,1667.743916,1.283630632,1.11696811,231.989892,237.8109679,116.8389031,1.216257881,0.472697443,0.277901824,61.80707347,333.9401117,268.2065168,50.73356224,55.81888604,24.27637458,12.26681589,-0.622529139,23.80148849,0.411799366,0.502284305,0.51693164,0.476032578,92.47069315,69.84480061,994.836975,867.4394506,0.927621527,2891.731498,2508.184334,2903.25945,2508.759184
MU,MU4,1698.900332,1645.691222,1.146789576,1.138413626,239.2227604,244.4911792,132.6839031,0.224860088,0.466795572,0.282824592,85.70284814,314.6799112,308.299873,49.41846958,49.54430291,25.89337458,12.28781589,-0.382529139,23.81548849,0.50014742,0.659516606,0.585734165,0.600551623,98.9153552,77.13884821,1020.622444,NA,1.00633917,2903.725411,2502.16983,2906.088009,2502.337376
MU,MU5,1569.364287,1655.541268,1.152567338,1.074039388,241.6126715,245.6849706,121.4039031,2.409610877,0.503940704,0.280438751,88.33092799,370.9404052,352.3097187,46.96889362,54.07562221,16.04637458,12.16381589,-0.608529139,23.83048849,0.413707951,0.581783524,0.716758648,0.563282306,99.5328744,69.29992259,999.7823652,879.9504506,1.012341373,2880.824785,2475.294801,2883.898242,2477.203249
MU,MU6,1672.777969,1723.996928,1.255271831,1.152728116,239.5762364,245.545334,121.3919031,1.676471028,0.440731574,0.25946603,88.08096529,396.2837351,384.1687238,48.53167786,60.18644413,27.88337458,12.20881589,-0.558529139,23.81848849,0.484248409,0.715592458,0.906162679,0.687623382,87.99995849,75.47024732,962.1352409,818.1994506,0.964396647,2831.011128,2486.947727,2829.118507,2485.454886
MU,MU7,1711.388823,1866.317388,1.234619883,0.983980461,242.1527097,248.7102833,140.8749031,2.96935858,0.425578272,0.248896918,59.51907246,376.076079,345.8682551,44.65199982,48.88571566,23.15037458,12.30581589,-0.209529139,23.81948849,0.522914427,0.619796053,0.397127333,0.560551623,90.81056522,67.75995427,977.0515895,839.3244506,1.053293407,2777.519359,2427.908213,2780.844694,2428.377296
MU,MU8,1650.937662,1758.033218,1.236883089,1.078254584,240.6480406,248.0152519,124.9789031,2.242424162,0.467481214,0.281058677,53.61496775,334.7402838,282.6269402,46.4585,51.376,26.44737458,12.26081589,0.108470861,23.82148849,0.44268742,0.547544994,0.667278282,0.553624585,105.4474937,81.19635084,964.9200601,802.8694506,0.928740186,2861.759886,2504.078773,2862.337393,2501.156748
MU,MU9,1706.003099,1595.831764,1.022017088,0.917346454,223.1179968,228.1989248,117.8599031,2.136768626,0.41416766,0.250865086,98.66224142,327.0663096,294.0700802,48.94904327,56.22186289,37.53937458,12.28381589,-0.297529139,23.78248849,0.45838496,0.690515826,0.821618409,0.649995062,86.53052997,67.91602274,970.9535277,804.2214506,0.954057069,2850.794281,2465.124139,2854.884907,2467.572981
MA,MA12,1378.659118,1461.831448,1.36809511,1.105538619,225.4140949,229.228764,139.8536695,2.128169417,0.476633568,0.26918258,111.5656344,373.1436327,380.415422,46.08173551,46.63455398,38.37128525,12.87880654,-0.086611404,24.35857966,0.562685806,0.708649298,0.620062657,0.621868534,93.03283013,67.71824805,1012.346885,NA,1.008073794,2884.278067,2513.71692,2887.241853,2511.632163
MA,MA13,1655.047922,1531.867867,1.11155627,1.096511336,229.1763795,236.4908002,136.2666695,1.795682173,0.475195463,0.257730787,78.53736267,394.4416105,319.0028612,49.89075,53.971,31.75928525,12.84180654,-0.061611404,24.31157966,0.47822943,0.693319802,0.745410422,0.646860068,103.6504571,71.41524346,988.9201362,871.6939524,0.954786301,2891.849067,2501.08192,2895.916853,2503.945163
MA,MA16,1407.372874,1415.02902,1.152946564,1.124033775,230.2516323,237.0117673,NA,0.108467289,0.420967979,0.241885119,72.20973081,380.9668099,342.1269305,51.3853767,50.77624529,35.31428525,12.91780654,-0.170611404,24.30257966,0.458757482,0.70263174,1.004095766,0.681754989,86.03560873,67.36283511,961.0791316,857.3929524,1.01932967,2814.894755,2459.517458,2810.6718,2461.248159
MA,MA18,1438.352359,1484.809802,1.175161665,0.976469411,229.8621627,232.8772845,137.9866695,1.517637523,0.516837224,0.279065566,43.26360952,377.0526105,388.0132329,49.91708056,55.8810833,35.93828525,12.90580654,-0.119611404,24.31457966,0.492774654,0.658473284,0.64383236,0.601279878,111.853091,75.24920415,986.7062532,878.3739524,0.924100284,2917.532925,2531.092723,2919.522293,2528.224775
MA,MA19,1408.853645,1362.704736,1.185159443,1.017846669,224.9023824,229.2410698,116.2146695,2.04446449,0.445246803,0.259420168,109.6660563,396.3345973,350.2723907,51.00456438,55.10458217,39.44328525,12.88780654,-0.084611404,24.29957966,0.543305462,0.62902806,0.688142489,0.614733062,82.68896146,61.32924164,983.1304403,832.8019524,1.025763422,2844.753086,2451.381172,2839.162538,2448.892449
MA,MA20,1554.532436,1558.384553,1.171285401,1.021744261,226.2130522,233.2423686,121.2376695,2.761482382,0.460753718,0.265836871,57.22724826,398.4049678,290.9805047,46.25655702,46.91204542,NA,NA,NA,NA,0.527854881,0.659277137,0.858729733,0.663589537,84.31383279,58.99983194,982.9801559,836.4299524,0.910912233,2773.715376,2433.556675,2776.396423,2430.836178
MA,MA21,1452.39934,1331.704677,1.186929482,0.91098356,232.1334128,235.6686801,118.6416695,1.216264422,0.520340613,0.269689726,47.21922497,348.9505577,331.2780429,43.19244821,52.22161751,NA,NA,NA,NA,0.541548962,0.650787499,0.760838631,0.622627547,98.67593688,67.93927825,978.9456412,849.2249524,1.029108421,2932.746067,2534.42892,2929.675853,2537.750163
MA,MA23,1456.353885,1341.786284,1.330680918,0.84457996,239.3112268,240.9695449,154.5136695,1.023353363,0.466070871,0.262954904,57.34472751,407.1552124,382.7231759,43.53573944,49.43840431,NA,NA,NA,NA,0.503184471,0.61975557,0.626710185,0.576200475,89.9163583,66.63055587,1010.652885,NA,0.967020078,2904.395067,2518.63592,2905.550853,2520.677163
MA,MA26,1572.93748,1419.808146,1.101801228,0.923134301,229.2929141,232.4787576,130.5066695,1.935272498,0.460894624,0.287740895,74.79314597,404.4415873,375.0186928,39.60650308,44.52956988,NA,NA,NA,NA,0.529518539,0.584038554,0.619895737,0.583522105,84.80577708,60.07663038,1015.603885,NA,0.948793961,2875.15355,2483.389277,2878.730908,2484.090283
MA,MA27,1411.368995,1475.564286,1.107501639,0.998011139,227.1177338,231.6783436,138.1536695,1.295602076,0.472121793,0.286269689,77.09722114,367.3586105,308.3838612,39.52775,38.912,NA,NA,NA,NA,0.537281486,0.724982162,0.878517834,0.688609234,86.61190172,66.57140597,980.4225433,857.9249524,0.901347045,2909.651067,2530.33592,2905.219853,2531.681163
MA,MA28,1564.229416,1451.265035,1.200470997,1.10159307,231.0932105,234.9460689,135.7386695,2.370771858,0.51768536,0.293444989,60.28863239,373.1886105,322.4708612,44.76175,52.081,NA,NA,NA,NA,0.457443727,0.476705029,0.432309233,0.474342173,94.80534388,66.20748572,1016.534413,880.0309524,0.844328835,2943.303067,2550.69992,2946.446853,2550.508163
MA,MA3,1543.174032,1454.268597,1.17085246,0.886682883,223.0516966,227.4909333,115.8746695,1.463876401,0.444516379,0.253149567,51.113352,372.5731183,362.7180516,43.46523095,47.40353321,35.17728525,12.86080654,-0.293611404,24.29857966,0.566561337,1.038779529,1.152731741,0.879002737,82.59616243,59.9146514,983.6193734,839.2506276,1.004919766,2868.911844,2496.990038,2877.274678,2498.880692
MA,MA30,1673.559695,1456.960313,1.188313518,1.107082519,240.8334879,249.8229287,165.0176695,2.067571023,0.488518703,0.28545196,36.72260952,410.5789513,305.7053447,44.05901084,49.54567336,NA,NA,NA,NA,0.5087626,0.692934087,0.936470177,0.689322215,89.52833803,65.37861363,995.8221376,870.5799524,0.992896088,2918.059662,2551.239404,2920.525995,2551.65886
MA,MA31,1536.848189,1814.824073,1.184104384,1.111277627,242.0702576,243.2952991,157.4436695,1.642387359,0.476042467,0.286871914,116.9561008,372.0086105,315.0088612,37.75175,37.689,NA,NA,NA,NA,0.488438224,0.505153403,0.718278581,0.574025227,90.54142504,68.17425631,983.838633,863.1449524,0.817403519,2894.798067,2505.18292,2896.714853,2502.732163
MA,MA32,1410.513673,1489.130064,1.151074248,0.983417842,228.5095569,232.6953378,113.2046695,1.329748773,0.505090791,0.289730007,79.18360247,384.6226105,335.3038612,44.38175,52.52,NA,NA,NA,NA,0.501488421,0.786405151,0.895407103,0.695129254,106.3035268,75.78484522,1009.61861,887.7069524,0.981308529,2933.170067,2550.62792,2938.758853,2549.751163
MA,MA33,1558.244939,1458.388995,1.130699713,1.047709156,225.1695394,227.019974,110.6716695,1.469006246,0.444639561,0.270397158,87.47975583,348.3236428,325.7335665,40.17542145,42.23848093,NA,NA,NA,NA,0.498201951,0.587564652,0.560069152,0.567503003,86.14232548,71.8383934,1003.239186,881.2069524,0.971981944,2880.345067,2505.78592,2882.892853,2507.446163
MA,MA5,1443.092528,1346.079581,0.862516326,0.884058964,221.5105411,225.5075511,119.2776695,1.948767112,0.459774517,0.257646985,80.93196166,389.2517124,385.813274,44.39169592,50.38720658,37.99128525,12.86780654,0.083388596,24.37057966,0.554522656,0.68347765,0.779681945,0.672526004,96.91051153,68.59068693,985.6845578,844.4426313,0.929958806,2852.101491,2478.742026,2853.860198,2475.448427
MA,MA6,1777.634129,1522.42798,1.127650661,1.052102418,228.6221009,233.2507843,130.4526695,0.640910907,0.451072882,0.255187487,60.46714057,394.4084281,365.7180613,40.36586733,42.6100212,41.91028525,12.74980654,-0.042611404,24.28457966,0.523764325,0.619453117,0.723141306,0.609643548,84.90115514,57.84029629,992.9958373,852.8331147,0.855999696,2884.06474,2496.826976,2889.880456,2496.280825
MA,MA7,1690.358561,1412.902661,1.09587035,1.057919431,227.8285646,231.9128729,133.0546695,1.808191699,0.442973325,0.271263183,63.40833506,415.2096208,339.5883886,47.22304111,50.53987282,36.64328525,12.87180654,-0.031611404,24.32157966,0.457778323,0.633282702,0.622934277,0.569664014,83.94371677,61.95326761,1012.179844,883.3746404,0.974273281,2911.364405,2531.84407,2912.046572,2533.758756
MA,MA9,1575.789243,1321.572289,1.093278188,0.891869013,226.1301669,231.0604623,133.9566695,0.678104715,0.439407458,0.26828227,53.04560952,414.2460337,336.0369661,44.10632225,51.10449281,39.27428525,12.87580654,-0.159611404,24.28457966,0.441566709,0.662780593,0.884968012,0.623732609,88.55347001,69.17448496,980.6577123,840.3321127,0.962759146,2949.797887,2552.798513,2944.321099,2559.42517
UM,UM13,1693.954862,1411.13477,1.120399375,1.087964498,226.1827271,226.7076862,123.0858259,1.088532028,0.446819274,0.259953455,71.19629015,374.6379593,319.5805227,45.41802972,55.18192806,18.68466164,11.00176818,-0.206446536,24.65839083,0.477758777,0.657437967,0.689459821,0.595012675,85.20811085,71.90511147,985.4631404,835.0455507,0.972505157,2828.664131,2475.96181,2830.977562,2481.443737
UM,UM17,1835.888498,1671.745842,1.210785352,1.122603795,227.1071384,232.3080158,117.3198259,3.460526805,0.433993761,0.242046394,46.64822981,367.4391116,318.0914126,44.59711117,48.90319887,23.51866164,10.98476818,-0.938446536,24.60739083,0.52739601,0.693352234,0.80291358,0.672166056,107.0074527,60.84537178,1012.742355,NA,0.885615752,2893.299998,2509.972652,2895.995189,2513.399838
UM,UM18,1665.737381,1553.869322,0.944090677,0.723502015,227.2911058,233.8258769,126.6518259,2.669856958,0.480601904,0.276626958,61.40291494,388.8582124,389.4270782,41.86059493,46.47363466,27.85066164,10.93876818,-0.783446536,24.55639083,0.449606372,0.633068102,0.754863495,0.615342752,92.95928256,65.32412782,992.8914038,859.2045507,0.982480078,2869.519358,2497.37799,2874.551945,2505.746793
UM,UM2,1921.713786,1634.677176,0.99873059,0.747875151,237.2796224,241.8312325,134.9548259,1.824318744,0.479033968,0.256695581,44.06083182,360.7214678,366.5361712,43.28947602,47.92583555,18.91466164,10.95976818,-0.346446536,24.57939083,0.422385286,0.561214955,0.700715745,0.556613603,78.61034624,63.11035505,969.8483377,841.0275507,1.02843452,2789.912026,2432.118903,2799.521289,2435.178743
UM,UM20,1925.159316,1587.991631,0.854114036,0.830208722,233.436712,234.2521403,139.7258259,2.796192974,0.511398844,0.276880816,27.01337454,376.7076054,295.9216105,43.90520506,54.38325097,NA,NA,NA,NA,0.447179579,0.653025266,0.771485474,0.611725484,100.7808811,75.48892924,996.1901169,848.8505507,0.919839599,2899.643106,2488.447515,2910.759508,2496.803352
UM,UM21,1614.084763,1603.618722,0.921079843,0.846249048,234.4138857,241.5033703,155.3828259,2.480185033,0.424222634,0.255392412,80.26434536,370.6168304,353.9015299,45.99103145,48.83047194,NA,NA,NA,NA,0.516328903,0.656379928,0.732808643,0.63825449,79.74760591,60.16472359,955.8378834,836.6845507,1.001484248,2913.704417,2540.763256,2909.655684,2541.049317
UM,UM22,1604.997417,1581.31947,1.269018972,1.00853095,232.9793084,237.1551447,140.3778259,1.516202695,0.470020298,0.2636681,75.67866667,298.2436634,220.6871309,41.28927778,42.22013889,NA,NA,NA,NA,0.453505283,0.534181973,0.650424292,0.536935622,83.70572014,61.1153754,1013.363355,NA,0.914937899,2984.362814,2568.801693,2987.12471,2572.695899
UM,UM23,1881.403614,1682.570112,0.983224413,0.97019748,227.0828743,231.3082911,124.0698259,2.732275266,0.466544404,0.252645935,64.52177196,373.2147461,382.1103184,44.46322627,49.53419266,NA,NA,NA,NA,0.410604458,0.55733801,0.738905116,0.570982785,112.5075209,71.17925506,987.8459494,858.3425507,0.927236368,2895.984641,2532.019634,2898.596426,2532.405042
UM,UM24,1662.474417,1627.42247,1.174904836,1.044054085,243.2582811,254.880968,NA,NA,NA,NA,NA,372.4496634,317.0411309,41.94427778,44.51213889,NA,NA,NA,NA,NA,NA,NA,NA,103.3045231,67.37328866,NA,NA,0.79324785,2812.917106,2439.448227,2814.219515,2430.827198
UM,UM25,1859.236529,1520.058155,1.041904836,0.777054085,231.2340773,238.8198056,150.6668259,2.596018339,0.520780967,0.291041943,61.34837454,363.4121845,360.279724,42.96113052,50.42489767,NA,NA,NA,NA,0.366462021,0.627506447,0.866564037,0.63424252,125.8830659,96.44909168,1023.017355,NA,1.115806237,2954.695131,2571.66781,2949.628562,2568.104737
UM,UM26,1740.901651,1624.241081,1.295053219,1.0083417,227.0215881,232.5844057,NA,4.067372249,0.504385757,0.275266297,91.72088522,399.2283008,332.1218599,40.01917002,43.33047636,NA,NA,NA,NA,0.472974552,0.542770135,0.728488686,0.583107312,95.26607819,67.98758606,934.1090699,834.4295507,1.070328717,2867.319255,2510.634479,2866.950525,2512.033766
UM,UM28,1863.701867,1627.011063,1.437904836,1.145054085,231.274278,235.4393829,127.8048259,2.818185873,0.440888024,0.280690471,66.18768856,367.3865725,290.8982796,41.04772711,48.87434372,NA,NA,NA,NA,0.52459255,0.754726949,0.818185451,0.693684762,70.28721264,57.08578525,1007.382355,NA,0.974064078,2902.860145,2537.720634,2901.574574,2541.123462
UM,UM29,1540.45953,1485.866507,1.073037093,0.998305266,227.3603066,234.7192233,110.1068259,2.909692422,0.453780722,0.252295866,107.8961905,361.6479264,365.642698,42.71450609,51.59009897,NA,NA,NA,NA,0.43996163,0.539228685,0.661221479,0.545306995,92.55234127,72.2545921,977.5531302,843.7455507,1.056310804,2851.537988,2488.333302,2854.746248,2489.016058
UM,UM4,1680.25859,1696.393351,0.961244634,1.005746357,231.6324384,235.3415559,131.8328259,1.542399851,0.505343351,0.279730432,48.8007149,385.0518393,330.2208804,35.09374654,51.73011,31.10366164,10.94276818,-0.338446536,24.58639083,0.490607378,0.696174213,0.756865059,0.64405507,94.72260073,76.03876585,989.0358597,847.3125507,0.896921012,2919.474839,2527.49494,2927.720736,2530.69365
UM,UM5,1696.247417,1599.671222,1.107787745,0.985028537,231.4371795,236.2899862,133.9948259,2.735268765,0.444758916,0.274276708,97.50094116,386.2343647,355.7172405,43.94862893,47.30772781,35.00566164,10.85676818,-0.183446536,24.55239083,0.454010212,0.571069056,0.692440333,0.571954679,93.71913562,69.49649215,977.6224556,844.6945507,1.12623493,2923.294046,2531.830589,2938.034545,2544.621691
UM,UM6,1821.377919,1625.878921,1.352904836,1.426054085,227.5551736,232.0074986,NA,5.222663751,0.473271408,0.273614025,82.80637454,370.6376634,323.1591309,37.90827778,43.39513889,25.99166164,11.00076818,-0.221446536,24.57839083,0.460948607,0.486627479,0.725099038,0.553497947,100.3258701,81.68875305,NA,NA,1.046844789,2905.166519,2503.297254,2907.180274,2507.181997
UM,UM7,1896.928266,1600.30648,0.946764541,0.76374998,226.103697,231.1992888,117.6848259,2.033593272,0.459220786,0.276241437,77.75229233,385.4854754,338.1522331,45.88504802,53.90194623,35.01166164,10.98576818,-0.194446536,24.60339083,0.543327374,0.851754395,1.013188915,0.779228088,95.67263435,65.91896793,979.2674016,817.3715507,1.007692278,2960.262804,2571.325739,2960.980211,2572.662576
UM,UM8,1971.922357,1809.356354,1.409904836,1.425054085,230.8911227,235.4533349,NA,5.122663751,0.454874876,0.273150105,91.26032113,360.8106634,319.6861309,NA,NA,NA,NA,NA,NA,0.492807414,0.48785299,0.6944761,0.553116933,NA,NA,NA,NA,0.938339803,2789.485276,2403.097278,2806.87053,2418.119779
UM,UM9,1867.711141,1579.389048,1.163198523,0.906565953,232.6804404,235.7377944,133.7518259,2.635486765,0.506498125,0.29864308,60.3542419,398.3040204,324.2684076,48.89301306,50.98051046,19.63666164,11.02076818,-0.760446536,24.63739083,0.533625461,0.750812285,0.764245093,0.664351682,106.9715763,85.93022879,954.806857,798.0445507,1.026703302,2915.616235,2540.616574,2920.054841,2536.138744
KA,KA1,1573.67888,1877.738774,1.202871355,1.180329362,220.0511807,225.321601,112.9062889,2.590584581,0.45695607,0.269686789,89.94336285,349.0544694,338.4613808,52.91911142,56.63185408,40.09548225,13.97413414,-0.071439545,24.6390921,0.390204648,0.417612775,0.470808921,0.434892865,95.3208117,73.99605299,943.6107564,788.8954085,0.982511239,2804.86862,2398.909779,2782.445145,2400.160731
KA,KA10,1415.79321,1477.526278,1.038979314,0.816823985,228.9632058,231.1334062,126.7722889,1.510322242,0.463878757,0.263872345,69.49275067,366.405974,345.9680326,59.29000627,59.02110709,40.37548225,13.99013414,-0.111439545,24.6450921,0.465979704,0.623916262,0.752393233,0.608799286,103.8670172,75.97810764,953.2446318,829.4561667,0.977840915,2737.813003,2379.720258,2740.061258,2377.732585
KA,KA11,1422.026353,1637.069694,1.329443198,1.065519427,226.1247859,231.1154273,127.0362889,0.382081937,0.510088441,0.280311986,80.46483944,379.470002,350.5181101,47.98601127,53.05779351,39.89148225,13.98413414,0.096560455,24.6270921,0.423235402,0.519580898,0.60709725,0.508667883,93.4659793,73.27087402,1022.541317,NA,1.085843814,2923.881654,2550.205558,2932.014213,2555.425262
KA,KA13,1446.558664,1492.063924,1.171195905,1.142826951,225.2014113,226.9972743,119.1372889,1.648017135,0.407859313,0.248806723,72.24017418,364.2234983,303.9290519,43.750375,50.42,35.95348225,13.98013414,0.024560455,24.6170921,0.427277772,0.416530844,0.420063574,0.43138587,80.96251345,66.06793377,948.0294304,807.2811667,0.961560123,2818.414671,2447.072264,2820.148134,2444.895249
KA,KA14,1427.721764,1682.265033,1.124560661,1.124685301,230.5746876,230.4005541,146.7062889,1.618161803,0.449771159,0.257581046,85.47504956,358.6408506,348.8001492,52.4085548,52.76328519,NA,NA,NA,NA,0.3979902,0.611120055,0.863923023,0.629721257,91.86920721,64.81047014,972.5529118,828.6371667,1.088527139,2857.391969,2474.349568,2857.446209,2477.492783
KA,KA15,1475.266945,1550.566391,1.122515649,1.111147299,226.0621779,231.4982433,127.9312889,1.864156612,0.459492099,0.278377078,79.09133869,330.1889948,252.4816388,50.99138876,54.96751005,NA,NA,NA,NA,0.369803318,0.479322765,0.843239881,0.554480078,94.98584192,69.58678259,941.4259167,840.7451667,1.084548056,2884.526879,2503.171346,2886.052648,2510.495921
KA,KA16,1558.004416,1623.938839,1.058776907,0.864682024,222.1719629,227.1363763,132.0222889,1.785461973,0.479147457,0.271277249,70.15431949,359.6374983,333.1180519,44.548375,47.755,NA,NA,NA,NA,0.367299442,0.509279011,0.675032725,0.508742246,101.3564278,72.96713285,948.5176069,800.7811667,1.039064474,2842.021654,2487.273558,2839.041213,2489.641262
KA,KA17,1465.531073,1547.472534,1.079347026,0.891634499,225.4593316,230.2122306,131.0492889,1.886366967,0.468481016,0.287035033,51.56259901,355.5575366,364.1721342,49.43692984,56.75309968,NA,NA,NA,NA,0.394685572,0.50120089,0.630975398,0.50708026,85.79047209,65.88970123,972.322821,814.1271667,0.97946845,2807.431231,2464.377468,2812.921603,2467.799783
KA,KA18,1465.619903,1408.488832,1.250524386,1.181785009,229.019995,235.8927787,149.7252889,1.803671229,0.485125057,0.275822863,75.19518295,374.3992149,334.9215933,51.69937159,57.39724451,NA,NA,NA,NA,0.418183512,0.568520729,0.785888766,0.581828902,95.13859454,68.79735503,972.534319,813.4081667,0.937531259,2813.703602,2434.651815,2813.949297,2432.585839
KA,KA2,1404.138718,1583.126537,1.08742579,0.790835925,226.0300969,227.7605047,116.0152889,2.264642462,0.504091019,0.275588185,94.35374512,363.1964983,317.7290519,55.100375,58.537,30.08648225,13.97513414,-0.245439545,24.5870921,0.452600293,0.673572431,0.857010147,0.645592803,110.4926334,75.47240922,959.6560437,813.105393,1.034285474,2870.743023,2475.438086,2875.651464,2479.609789
KA,KA23,1423.158793,1551.075994,1.31485715,1.231313866,224.061797,229.2458914,140.2412889,1.30845329,0.461256329,0.255777996,73.89786748,381.1337039,309.0212756,48.16792177,48.93854146,NA,NA,NA,NA,0.380338254,0.624726779,0.724962057,0.570746448,96.82780047,62.037897,1008.578317,NA,1.016329659,2764.484372,2398.279968,2768.453182,2397.436995
KA,KA24,1524.16075,1545.003103,1.14785715,1.245313866,225.246731,229.778231,115.8452889,1.413729305,0.459173502,0.265918193,51.24999679,359.061842,342.7300233,50.62122379,53.67217103,NA,NA,NA,NA,0.417944502,0.473356165,0.520771064,0.473257346,99.83516203,71.45258066,1014.508317,NA,0.959416249,2807.171558,2434.386046,2812.955895,2436.882328
KA,KA25,1665.030883,1753.057858,1.51185715,1.025313866,227.1912672,231.4883203,136.2632889,2.245820272,0.479922175,0.271618455,78.22412083,357.1154983,330.0680519,38.602375,46.628,NA,NA,NA,NA,0.410178918,0.584038888,0.797959977,0.600881443,112.9671895,70.72516738,1026.140317,NA,1.018044313,2838.537904,2465.758933,2841.952862,2469.046382
KA,KA28,1467.73555,1481.311523,1.42885715,1.420313866,233.8276197,236.1261497,131.8372889,2.381914569,0.489422125,0.274658984,110.2428695,376.9742309,340.4648421,48.19993415,52.28735576,NA,NA,NA,NA,0.445011182,0.709833622,0.936208381,0.679572902,117.2388273,83.07368591,982.8723165,NA,1.101442358,2902.819654,2452.507558,2910.454213,2458.816262
KA,KA29,1597.939155,1591.664719,1.36685715,1.070313866,220.4157611,226.9017775,124.5072889,0.771989515,0.504110384,0.277944681,102.4650977,353.1211418,322.3726549,50.28525653,54.28407186,NA,NA,NA,NA,0.410740515,0.688080356,0.852116842,0.636036429,114.0155842,85.07464885,1028.062317,NA,1.10244595,2918.910744,2526.889033,2923.413616,2529.012691
KA,KA3,1556.412253,1735.213685,1.193575639,1.115106109,220.2801177,225.613547,119.7472889,2.039698054,0.486542805,0.299887471,70.79088775,369.1653545,337.5145357,52.43026696,58.01347562,37.50848225,13.96613414,-0.162439545,24.6770921,0.376684303,0.525668323,0.698815632,0.524558071,96.14556612,68.20026616,956.7737188,817.0746628,0.873940085,2839.275265,2477.142979,2836.329441,2489.248525
KA,KA5,1563.114034,1475.398582,1.164985731,1.133699681,225.2415387,228.1275577,118.5562889,0.426577094,0.453251097,0.261782287,83.34780969,374.0347375,329.4562409,49.65161188,51.73138866,33.51848225,13.97413414,-0.331439545,24.7790921,0.45152962,0.61124959,0.669995527,0.575016541,89.4836755,65.20314891,956.9567821,807.9957491,0.972883076,2785.766856,2418.306229,2793.667024,2421.479848
KA,KA6,1612.925863,1441.998481,1.09866556,1.037000684,225.8323958,227.4222526,115.1622889,0.994559118,0.448261135,0.275000261,67.69931348,385.1354983,284.3150519,43.636375,54.134,33.51148225,13.95613414,-0.066439545,24.6020921,0.469972105,0.616055024,0.765117164,0.619856787,83.23489032,61.37750579,977.0304998,828.4277722,1.036729004,2875.669999,2501.71455,2877.750227,2509.12201
KA,KA7,1427.313563,1495.820265,1.307559885,1.028194594,220.9120032,225.5711813,116.9422889,1.707209786,0.485833645,0.294090402,98.49636285,362.8317907,356.9643337,54.62760665,61.74829105,33.42848225,14.00613414,0.268560455,24.6820921,0.557697815,0.612946818,0.702721778,0.602961874,91.54542621,72.46024931,946.6045818,803.1251667,1.004685319,2823.09378,2461.335128,2817.750525,2454.17693
KA,KA9,1537.610459,1557.128061,1.380789465,0.919295723,226.6155542,232.4585005,137.4422889,0.860536785,0.486230236,0.26268834,99.84679367,346.6089787,325.3672683,50.94041818,57.93910445,33.29548225,14.01513414,0.164560455,24.5750921,0.449857423,0.474013862,0.355868917,0.448203897,93.82436651,69.91751802,991.6673165,NA,1.05706439,2848.841389,2471.550458,2856.51652,2479.924015
VA,VA1,1341.08895,1519.473555,1.199125206,1.016113656,224.3025808,234.6971351,115.6203506,2.332648725,0.406041601,0.239180962,53.38037561,348.5927899,328.884271,49.34942243,54.2204186,NA,NA,NA,NA,0.413798423,0.451331212,0.674609564,0.514116914,93.3791261,67.24190576,952.2153174,848.1156979,0.934149268,2835.281751,2435.595553,2832.050889,2438.482089
VA,VA11,1602.375127,1529.794734,1.205711625,1.063177178,245.20123,254.0258262,172.7483506,0.894030071,0.556960581,0.291273737,66.5963458,327.7300176,316.0136412,40.639875,45.14375,29.53985626,12.93032953,-0.216661089,23.98305944,0.4209782,0.427108488,0.389092995,0.423936367,114.9023379,80.85651781,1001.879004,865.9186979,0.86064363,2862.236329,2483.902264,2856.578928,2490.644615
VA,VA15,1739.748782,1627.632652,1.170950947,1.009378081,223.8873408,226.544149,133.4173506,-0.647119702,0.517020866,0.2935298,53.66603186,383.0740176,364.1176412,45.341875,54.07275,33.13285626,12.93032953,-0.117661089,24.04605944,0.378643169,0.755993466,0.669282037,0.616103525,98.22793468,75.65127031,1001.462774,875.7556979,0.82119613,2842.344499,2492.010976,2845.238743,2502.173308
VA,VA18,1434.714716,1448.720041,1.277229544,1.069639984,229.7384756,238.8008577,157.8003506,1.578661548,0.470911992,0.249513913,55.37142729,371.5735264,346.3245449,53.21301073,54.56188207,26.41685626,12.84832953,-0.230661089,24.00705944,0.371178005,0.599532729,0.691584588,0.551977488,101.4399949,61.1184902,978.8511602,848.2166979,1.015433149,2792.202227,2415.272903,2791.711057,2415.543901
VA,VA22,1394.324667,1485.280941,1.221020463,1.019796059,237.9888146,244.0664185,150.3143506,2.721153332,0.495675518,0.244229782,86.68402095,363.8621579,342.4729474,47.65859096,51.70548222,33.48585626,12.91132953,-0.231661089,23.99705944,0.469151822,0.81853406,1.068369168,0.757394934,110.8130925,72.78174027,974.168596,844.4776979,0.906939906,2799.562521,2459.619619,2798.974364,2460.281372
VA,VA26,1638.669061,1551.869431,1.235573501,0.918983219,232.5561651,231.5793349,133.7003506,2.15508183,0.42053631,0.254635649,62.09285459,387.2594897,351.3989607,48.03303766,55.62954689,24.50185626,12.85532953,-0.431661089,23.95805944,0.389049855,0.456932401,0.545899346,0.47712849,93.88119166,69.16630631,960.2726744,850.4026979,0.931466896,2870.821521,2518.417619,2871.903364,2516.351372
VA,VA30,1334.679476,1434.407129,1.147175414,0.866934754,229.7312866,236.3940911,135.9693506,1.957471204,0.50071606,0.290124858,47.53546623,347.5367059,338.4892072,49.96342323,50.54035294,30.73085626,12.92032953,-0.089661089,24.00005944,0.332889099,0.552118178,0.757390014,0.54969044,93.80728516,77.83516531,991.9343899,861.5376979,0.996003712,2919.197175,2501.0006,2916.085218,2503.484108
VA,VA34,1745.331134,1600.415017,1.163904488,0.965356054,232.0092174,238.8335882,144.4403506,2.459227689,0.48024029,0.270424785,88.94848378,371.0814368,350.7880356,50.44771207,54.0796341,30.15285626,12.84932953,-0.092661089,23.99205944,0.41245791,0.694966574,0.766431464,0.625487968,110.5183796,80.45535278,965.0461177,838.1926979,1.028997354,2837.315625,2486.651534,2836.316397,2487.378238
VA,VA35,1662.652267,1521.200867,1.188908723,1.002920745,232.5769791,238.4237329,135.7963506,2.902981887,0.455222236,0.251735214,66.30720875,356.3400176,293.1516412,41.826875,48.64875,NA,NA,NA,NA,0.335888347,0.400694964,0.471675305,0.418135961,99.12093516,67.55738039,983.7743342,858.8006979,0.986387237,2813.020521,2482.035619,2818.962364,2482.857372
VA,VA44,1659.465733,1520.547814,1.202496395,1.083530159,250.9960555,252.6078834,171.0363506,1.543576601,0.489301216,0.256719249,75.40910606,311.9880176,286.9296412,45.844875,51.29375,NA,NA,NA,NA,0.407410537,0.681850746,0.853361619,0.647141087,108.8320051,76.87314681,1021.214706,885.7496979,0.963749097,2897.64202,2535.715633,2903.07843,2537.157371
VA,VA46,1397.447415,1474.887256,1.005656237,1.040747075,226.2979199,232.4563613,124.9953506,0.9225859,0.512640455,0.298917846,64.83289708,362.5220176,259.8856412,40.496875,44.29375,NA,NA,NA,NA,0.415762722,0.512528254,0.698137519,0.541648444,113.2336973,76.38439688,988.2065179,848.3596979,0.945170584,2910.240824,2547.525346,2908.291795,2553.525777
VA,VA47,1621.567025,1662.539322,1.341474189,1.212774357,232.385642,236.4418272,139.1873506,1.787628646,0.531537702,0.311376628,78.28425349,355.5794914,379.2494193,48.08160065,57.28839224,NA,NA,NA,NA,0.358002247,0.477665005,0.57806123,0.481805359,120.8163751,84.13186255,1009.051527,NA,0.881952501,2814.738521,2460.188619,2820.912364,2461.755372
VA,VA48,1676.927369,1600.977529,1.270799582,1.197177555,240.618412,245.7622058,147.1943506,1.990979598,0.463466126,0.273233306,72.77644199,379.4689952,361.7968989,54.7067662,59.15697739,NA,NA,NA,NA,0.386749736,0.543367471,0.587206762,0.509817218,101.732063,71.75903271,981.4923708,853.6956979,1.007526806,2790.790336,2549.171478,2789.872635,2548.721421
VA,VA55,1524.080874,1520.865812,1.154069251,1.093476433,234.3831883,238.2944222,123.4993506,2.465303381,0.445032454,0.262497729,90.38901221,363.3312242,322.2159611,46.45522584,50.70235819,NA,NA,NA,NA,0.350538978,0.511096099,0.619581146,0.498041987,100.1396586,69.13094635,1000.213756,878.9336979,1.058781381,2820.604495,2445.659996,2823.468172,2447.328583
VA,VA57,1661.320725,1497.814711,1.107783202,0.964644263,231.4894816,237.2193672,143.2693506,1.738701389,0.522105359,0.280105471,45.32098695,369.527541,262.9478455,42.11822062,51.15487015,NA,NA,NA,NA,0.39860077,0.692470036,0.846378456,0.645353546,106.3775741,67.97781724,1002.318325,872.4476979,0.899049634,2868.608733,2508.61899,2864.685582,2508.605869
VA,VA6,1500.261718,1484.72734,1.269274136,0.9108765,243.3869336,232.4426843,NA,0.784441942,0.485815217,0.266651089,96.80228629,353.5347447,340.5551608,54.99194652,60.86419799,25.89885626,12.83632953,-0.389661089,23.98105944,0.404231181,0.472535853,0.628946713,0.508714451,112.5709277,69.49709898,982.9953174,882.1976979,0.925147246,2823.769883,2449.537171,2826.385398,2445.765737
VA,VA66,1459.657586,1507.3459,1.072227959,0.901385764,238.8918559,246.4492387,154.1613506,2.558966305,0.486760192,0.28892858,54.4186722,397.5463817,373.2765632,53.6407593,54.58881795,NA,NA,NA,NA,0.399026623,0.537242674,0.645462535,0.531919583,89.71397636,73.81644474,984.9242734,843.4136979,0.981074712,2831.555078,2475.906501,2832.197907,2471.740049
VA,VA67,1542.277935,1509.894685,1.284059513,1.104718843,228.9735888,236.5769721,120.9313506,2.552672663,0.464942148,0.255150736,64.53925328,352.0289759,336.1825788,46.39545375,48.52986071,NA,NA,NA,NA,0.36198116,0.507637198,0.667866996,0.512845516,100.1734993,58.08869019,977.8422863,860.9866979,0.783910873,2789.236668,2456.679659,2790.123683,2458.659956
VA,VA71,1460.938074,1520.931625,1.100223768,0.999710682,225.9235393,233.2423191,138.2593506,0.165692031,0.480643838,0.253614216,79.3081055,378.8813207,357.3467498,52.63402995,56.59922812,NA,NA,NA,NA,0.415785979,0.498669149,0.532976012,0.500322799,87.31593916,53.48414341,1001.731152,862.8706979,0.978850266,2808.405669,2426.90727,2807.264678,2423.753977
VA,VA9,1426.53863,1521.037916,1.106936592,0.8788987,227.1215397,231.5625272,132.2013506,1.731007829,0.42874135,0.23886156,96.06987283,369.6368052,249.9930037,49.67473193,55.27597177,27.08485626,12.77832953,-0.428661089,24.00105944,0.338270047,0.450624685,0.826671116,0.531276978,87.14553758,65.8269788,923.8993174,830.7196979,1.014102511,2830.927552,2435.31435,2841.641858,2439.395732
AK,AK1,1851.528465,1711.844267,1.173288444,1.020241034,237.9318612,242.8307909,138.7800465,0.475260433,0.463561832,0.252283777,121.8800794,336.2077465,327.9737386,53.18594352,53.60994572,25.51340963,9.18633256,-0.627191899,24.30601174,0.408611279,0.58995819,0.662820264,0.555089663,101.6921227,71.75111421,958.5434433,824.2790789,0.996942489,2806.040746,2449.205728,2806.025274,2450.590125
AK,AK10,1492.12668,1577.084437,1.213108254,1.039748519,226.7700179,233.1220079,120.5100465,1.216255489,0.457208501,0.248378236,64.21235145,375.1069329,362.7996652,46.52721445,51.13072627,NA,NA,NA,NA,0.439599364,0.576064101,0.583980843,0.535953446,101.7365346,65.55704427,970.7127758,822.79098,1.131600888,2740.664947,2372.000057,2738.413511,2373.493525
AK,AK11,1618.385727,1690.758336,1.297011215,1.01510967,227.7743089,233.5894952,138.3090465,0.985513449,0.4258187,0.24986512,67.54885298,408.346039,356.6540953,52.75646905,48.91078692,NA,NA,NA,NA,0.468782997,0.534236918,0.544728255,0.528684839,85.84602058,66.84758088,970.7828194,822.14398,1.099726147,2783.053947,2428.881057,2788.020511,2430.203525
AK,AK12,1529.436697,1729.446949,1.282045424,1.026254947,238.638828,243.2649221,122.7890465,0.992000951,0.406167128,0.245166671,89.60793086,375.0439122,327.8682148,45.49375,50.50581818,NA,NA,NA,NA,0.453340561,0.599943562,0.763632446,0.599988451,84.25018365,60.88896179,955.6835789,816.60798,1.086346474,2848.804947,2497.135057,2852.799511,2496.963525
AK,AK13,1587.404191,1556.772406,1.110544608,1.019783967,226.613148,234.0216364,133.9400465,1.34291577,0.437535614,0.250764898,71.6799829,386.3842659,359.5701527,51.09149496,54.62271447,NA,NA,NA,NA,0.479413971,0.637591617,0.612376603,0.579946868,92.82489016,71.46581918,984.802741,836.12198,1.115188453,2914.590947,2518.271057,2914.820511,2518.699525
AK,AK14,1766.410513,1625.624172,1.322825209,1.164437102,242.6550339,246.8714902,128.7380465,0.904085249,0.433327898,0.257204906,102.8174588,379.3960794,288.3687791,51.65521704,57.47129926,NA,NA,NA,NA,0.392909934,0.54432505,0.690686207,0.541344125,104.2577335,76.31368928,974.5561187,854.93198,1.083604553,2833.967947,2511.102057,2835.054511,2509.807525
AK,AK15,1746.324858,1652.695147,1.165050856,0.993700116,242.8562805,249.8016753,150.6630465,1.620629136,0.39657131,0.23365626,85.82691813,312.1079122,333.1842148,43.28075,47.96581818,NA,NA,NA,NA,0.449041344,0.555726684,0.577181382,0.532644724,85.22391773,61.69255245,981.3625877,854.53298,1.023902758,2784.500947,2445.333057,2789.911511,2441.896525
AK,AK16,1600.655164,1815.218558,1.198935369,0.872165321,220.4396873,226.2580854,115.5750465,1.430384336,0.480182643,0.279864793,71.16497806,348.8899122,347.4952148,51.88575,60.50381818,NA,NA,NA,NA,0.474556602,0.582347049,0.679140109,0.5713693,107.0763469,76.00943533,962.355634,821.03698,1.251389123,2804.958136,2438.664221,2802.37823,2437.086269
AK,AK17,1740.555357,1586.812017,1.137822099,1.102054223,234.812102,244.3935928,117.3200465,0.668625018,0.41401451,0.26009413,68.24301664,339.4143949,342.1462619,46.63780662,50.22007193,NA,NA,NA,NA,0.423911907,0.465931492,0.305575142,0.414108351,93.52432849,68.2300077,983.5713321,843.54298,1.007950892,2808.097781,2447.965516,2806.513103,2448.29755
AK,AK18,1836.353156,1592.106092,1.092036447,0.935855997,229.289622,234.5627095,134.4890465,0.687720313,0.462835293,0.274530242,66.07885481,381.4425117,364.9970569,55.95346207,59.59971259,NA,NA,NA,NA,0.393039464,0.503393645,0.470198156,0.464763684,78.41383104,61.07347546,973.13955,NA,0.958293836,2800.707086,2429.999337,2796.746722,2426.205866
AK,AK19,1454.563742,1539.598333,1.445574897,1.213616882,256.0504921,255.9101693,NA,NA,NA,NA,NA,355.5259122,298.5022148,35.74875,41.40481818,NA,NA,NA,NA,NA,NA,NA,NA,104.6064797,60.77118549,NA,NA,0.902228077,2754.366436,2360.384125,2752.952467,2361.094373
AK,AK2,1576.822652,1590.006742,1.218110938,0.949437404,219.7200447,224.5591753,120.1830465,0.300958206,0.497138343,0.28770567,84.76392205,382.1929122,367.8602148,45.55075,55.80581818,36.03640963,9.25033256,-0.111191899,24.28801174,0.453550962,0.542539393,0.629124067,0.539164702,94.89498547,68.72644014,967.308555,825.0270313,1.089307021,2786.702587,2429.086838,2784.529354,2429.85496
AK,AK20,1718.152935,1609.96164,1.273032321,1.089753735,226.0522942,231.9473055,115.4260465,1.92156109,0.41287985,0.234716646,66.43873435,366.3928542,399.0762801,51.21082302,54.4879263,NA,NA,NA,NA,0.435340818,0.605465855,0.688940681,0.586024056,88.67013617,60.46649565,947.3259163,821.74098,1.05531909,2775.747513,2394.678145,2775.97584,2396.088689
AK,AK21,2045.925977,1813.988862,1.210834673,1.085553331,248.169216,254.4477744,151.8110465,1.287364986,0.461912794,0.27730912,80.47765576,423.6159749,444.1892245,50.80396787,56.59647458,NA,NA,NA,NA,0.476427301,0.753558028,0.73317923,0.646281153,96.30063404,69.71267312,989.3727016,853.09998,1.053411671,2785.294979,2457.077872,2784.098887,2460.073072
AK,AK3,1629.773235,1603.701234,1.24200012,0.989978435,223.8886198,231.028728,125.9110465,2.576556743,0.446985415,0.256150905,81.25719972,365.3886796,332.593509,52.96536566,59.94774764,28.73140963,9.21433256,-0.475191899,24.31401174,0.508423145,0.613052727,0.61087761,0.587147499,94.15180523,66.98593209,963.4316957,840.6324191,0.944390957,2828.07232,2442.955193,2828.349653,2441.891861
AK,AK4,1468.542292,1529.183663,1.186854652,0.989552207,237.640275,242.7205354,115.4040465,-0.406381864,0.443962296,0.259750206,57.77394274,361.487084,371.6386863,52.03036599,53.45310369,34.15240963,9.23933256,-0.386191899,24.34601174,0.475534588,0.641223334,0.752769832,0.618069409,98.99298209,70.21777256,972.0203067,830.2257073,0.993184001,2760.815742,2405.393976,2764.805773,2404.109761
AK,AK5,1718.278817,1804.456854,1.171509652,0.992265857,224.0057899,229.2902184,116.5110465,1.651192909,0.48616357,0.279974464,95.76652299,382.3589122,314.9462148,47.69775,52.74081818,26.90240963,9.15133256,0.304808101,24.35401174,0.421774077,0.483145888,0.51639394,0.491186118,106.5956226,73.79926208,960.1893682,849.69698,0.987371239,2744.3089,2392.558972,2739.990644,2391.61912
AK,AK6,1648.745,1797.427321,1.244330754,0.962265075,239.9270301,246.1390915,120.4290465,1.41948065,0.448787757,0.264478452,65.78998755,394.8451913,398.2146796,53.49107034,50.70812168,29.75840963,9.20533256,-0.832191899,24.31901174,0.466552264,0.643330724,0.633647846,0.587142869,89.27538772,65.19112025,958.0145499,821.56798,0.958935042,2826.902047,2448.908982,2816.318711,2446.52359
AK,AK7,2124.708082,1591.759802,1.188178888,0.959487544,223.0522296,227.8619387,126.4770465,0.898723457,0.445237379,0.276783387,78.86133964,383.6985873,433.2169578,49.57190015,56.83977257,35.08140963,9.21433256,-0.548191899,24.34801174,0.420469925,0.515252506,0.441676516,0.465080915,104.9539229,80.18019661,965.4249477,826.05598,1.056845992,2781.29158,2443.230759,2778.205206,2440.689716
AK,AK8,1626.027696,1611.044339,1.227069153,1.037248501,245.7836507,250.6533057,140.7520465,1.276248348,0.456004177,0.268307458,93.37663073,385.1099122,381.0150388,50.07464936,58.716174,27.48540963,9.24533256,-0.926191899,24.31701174,0.476575871,0.532982445,0.43621703,0.497501034,86.4860396,65.88456449,979.924254,860.22398,1.08634414,2800.627147,2433.041682,2800.715124,2435.993634
AK,AK9,1782.294237,1642.210582,1.103252619,0.886380464,237.3209905,247.4321002,116.0240465,1.251602917,0.391177761,0.23414143,74.44297361,386.1399402,344.7820227,49.75277453,55.33406022,NA,NA,NA,NA,0.529561064,0.641211569,0.583393374,0.595389518,81.88926113,57.35558033,969.4771549,845.59898,1.075527408,2753.880417,2396.489721,2746.369037,2400.032283
AK,AK24,NA,NA,NA,NA,NA,NA,NA,NA,NA,NA,NA,NA,NA,39.74675,53.78181818,NA,NA,NA,NA,NA,NA,NA,NA,111.5934797,78.68618549,NA,NA,0.861228077,2916.982436,2521.496125,2914.030467,2523.646373
